,0,1,2,3,4,5,6,7
0,2.4958034,3.2462375,6.124383,0.0,1.801619,3.0454822,5.2188835,0.0
1,1.3777689,3.8353498,6.596734,0.0,1.9503431,3.6599796,5.8198395,0.0
2,5.8333445,3.007056,3.3968046,0.0,0.64566535,0.63439643,6.3273606,0.0
3,2.9825382,2.9534185,5.9473543,0.0,1.9777932,2.5449498,5.0181513,0.0
4,3.0065389,4.009351,2.1598792,0.0,1.2879974,4.7762184,4.9731083,0.0
5,3.1317217,3.1415503,1.9548352,0.0,2.674415,5.1985655,5.8977895,0.0
6,3.5636094,2.9846745,5.1703625,0.0,1.8016511,2.2465703,5.173154,0.0
7,0.0022456646,4.9653616,5.8799314,0.0,1.4056559,5.20133,6.1457357,0.0
8,4.2021646,2.0971227,4.423956,0.0,1.6133184,1.8856387,3.9505415,0.0
9,2.9821103,3.3553312,4.5108037,0.0,1.8811381,3.6525292,5.520662,0.0
10,3.0777059,3.7736094,4.014153,0.0,1.7488931,3.9161139,5.065851,0.0
11,3.658577,2.6519372,6.064721,0.0,1.7350358,1.5840397,4.7387176,0.0
12,3.2721715,2.5812888,4.8059044,0.0,1.5819175,2.7682374,4.589811,0.0
13,2.698833,3.4255753,5.752658,0.0,1.9756272,3.141192,5.3641744,0.0
14,3.6307807,2.6766713,3.7355695,0.0,1.7570641,2.8295295,5.1955605,0.0
15,2.7752512,3.3615725,6.3760805,0.0,1.7956315,2.2770448,5.5462446,0.0
16,0.0,4.8311834,5.777623,0.0,1.2150753,5.573518,5.8873777,0.0
17,1.6010737,3.382699,3.022049,0.0,0.22762322,2.3944163,2.8927822,0.0
18,2.6696577,3.5701926,3.261724,0.0,2.2809367,3.780201,4.6601734,0.0
19,2.2575517,3.0841744,6.1274633,0.0,1.7487875,3.229583,4.785452,0.0
20,3.63653,2.6072829,5.7775483,0.0,1.9713862,1.8689883,4.9176664,0.0
21,2.9553058,4.0341635,1.9674289,0.0,1.5455809,4.077987,6.349058,0.0
22,3.437056,2.6305854,6.09311,0.0,1.9636674,1.7275014,4.715872,0.0
23,3.259672,2.6994946,6.3093405,0.0,1.9452939,1.6258159,4.803239,0.0
24,4.197937,2.7494447,4.429014,0.0,1.6647824,2.434698,5.0166245,0.0
25,0.7169299,4.564561,6.3606453,0.0,1.5295247,2.777972,5.733985,0.0
26,4.318251,2.7554593,4.112528,0.0,1.8257841,1.562732,5.05291,0.0
27,4.0306425,2.7941997,1.0268734,0.0,4.959347,2.0795813,5.02961,0.0
28,3.3947053,3.7078226,3.957786,0.0,1.6426893,3.2987027,6.4556484,0.0
29,3.5765643,3.7198722,2.704832,0.0,2.6817923,3.32174,6.296207,0.0
30,4.343986,4.4840117,5.036854,0.0,0.86662465,0.56043184,8.069308,0.0
31,1.0366721,4.3060036,5.919647,0.0,1.3918586,2.6512449,5.921585,0.0
32,2.3953822,3.363521,6.193219,0.0,1.8444543,2.6519902,5.583322,0.0
33,2.9507358,3.285088,5.73855,0.0,1.7716532,1.8995862,5.6244783,0.0
34,4.0358963,2.5894454,5.417522,0.0,1.8171041,1.3600228,5.059236,0.0
35,0.83360195,0.6815882,2.7425718,0.0,0.47537166,4.8406076,0.0,0.0
36,1.3473535,2.126086,3.120873,0.0,1.3384218,4.473017,1.52114,0.0
37,4.260282,3.0616128,4.1389027,0.0,1.5950181,2.58853,5.056529,0.0
38,3.9845786,2.6174846,5.413189,0.0,1.5835809,1.8118234,4.4875274,0.0
39,3.5861053,3.0928333,4.2818317,0.0,2.4224133,3.33405,5.6447225,0.0
40,3.3799112,2.6606026,6.0517836,0.0,1.8620619,1.9218018,4.5741587,0.0
41,4.389136,2.7741265,4.186638,0.0,1.6572249,1.8296099,4.157363,0.0
42,3.2238142,4.550374,0.92860055,0.0,2.0932345,5.9016805,6.7094193,0.0
43,3.0555058,2.8527343,5.8482285,0.0,1.8621399,2.357002,4.905902,0.0
44,2.238443,3.053436,4.6139526,0.0,1.0022831,1.6845014,4.598324,0.0
45,3.2940168,3.00131,5.228732,0.0,1.8833281,2.7020047,5.059868,0.0
46,2.7657793,3.2146366,5.014534,0.0,1.6230264,3.2756822,4.9844894,0.0
47,3.6183925,2.5221655,6.1813383,0.0,1.943929,1.5616617,4.757968,0.0
48,3.5159698,2.8170369,5.54959,0.0,1.6938491,2.0507214,4.926514,0.0
49,2.7978292,2.8499901,4.82211,0.0,1.63632,2.8236613,4.4375534,0.0
50,3.9211478,2.5150168,3.9498103,0.0,2.0241022,2.6969872,4.336931,0.0
51,3.15307,2.748079,5.910614,0.0,1.6535381,2.2109587,4.379941,0.0
52,3.3758929,3.4739683,3.090215,0.0,1.8139317,4.0815144,6.3027554,0.0
53,3.4824405,2.58694,4.931842,0.0,1.511005,2.0541978,3.947236,0.0
54,3.3704953,3.156092,4.000821,0.0,1.8219676,2.937578,5.061823,0.0
55,3.9089425,2.5024893,3.7740645,0.0,1.8890493,2.1795614,3.9909782,0.0
56,3.7133858,2.777543,4.0595694,0.0,1.6592906,2.6916611,5.0043406,0.0
57,4.3687387,1.6039321,2.441835,0.0,0.24045876,0.96124864,2.4805222,0.052735705
58,3.5721378,3.3057044,4.4328694,0.0,1.5531669,2.5199277,5.8991957,0.0
59,2.2425861,2.767965,1.4407248,0.0,0.532343,1.1720476,4.1331224,0.0
60,3.3076153,3.5714116,4.5280743,0.0,1.5686941,3.2379599,5.5356283,0.0
61,3.7272527,2.806972,5.289772,0.0,1.691244,2.1234007,5.527276,0.0
62,3.1829429,2.8525743,5.6859236,0.0,1.9781778,2.2925262,4.669585,0.0
63,1.932095,1.8353047,3.2647748,0.0,0.1250098,0.4067276,1.5441405,0.0
64,5.1136174,3.0699198,2.5394459,0.0,2.0124445,2.2680008,6.63414,0.0
65,3.5586638,3.2213244,4.060146,0.0,2.04392,3.142142,5.6818886,0.0
66,3.675311,4.2154875,2.4757996,0.0,2.2099502,3.6492383,5.4467554,0.0
67,3.133155,3.1416776,4.3402977,0.0,2.135194,2.7551396,4.7819986,0.0
68,3.4043434,2.9253123,5.564981,0.0,1.9370303,2.3892896,5.0109224,0.0
69,3.3084505,2.8788745,4.28265,0.0,1.8991473,2.8702486,5.0919485,0.0
70,3.1846662,2.8299315,3.0904999,0.0,1.9193143,3.665366,5.0702972,0.0
71,3.3256812,3.1274543,1.9021866,0.0,2.383592,3.1276112,5.055175,0.0
72,3.2216449,3.7228453,2.524637,0.0,2.611754,3.6246793,5.787646,0.0
73,3.4806283,2.521579,5.8671417,0.0,1.7781425,1.7093508,4.3711677,0.0
74,2.7716289,3.383692,6.4375343,0.0,1.860384,2.0998673,5.5887604,0.0
75,3.9080863,2.109415,5.1582637,0.0,1.5941448,1.4732049,4.1939087,0.0
76,2.4310489,3.075288,5.60762,0.0,1.825419,3.351249,4.871562,0.0
77,4.1065025,2.710449,4.055818,0.0,1.6026516,1.996402,5.028221,0.0
78,3.6559277,3.3690567,4.1440697,0.0,1.7612884,2.778757,6.111558,0.0
79,2.890078,3.8590934,2.9280477,0.0,1.825135,4.4171762,5.7852364,0.0
80,3.4846618,2.4347532,5.011654,0.0,2.242221,1.9196568,4.2721577,0.0
81,3.3291705,1.3771398,0.0,0.0,0.7089761,6.2064953,2.3219619,0.0
82,3.9307961,2.5341482,4.854843,0.0,1.7216744,1.5438125,4.3802023,0.0
83,1.5360732,3.2481124,2.9996662,0.0,0.5761585,2.1182487,2.8440447,0.0
84,3.0516725,2.8030798,5.6971974,0.0,1.5290924,2.488886,4.4110327,0.0
85,4.278536,2.3649108,5.04852,0.0,1.5017284,1.6962204,4.183104,0.0
86,3.7996516,2.6756592,4.4592676,0.0,1.708765,2.2968254,4.489127,0.0
87,3.5000482,3.1435187,2.3913045,0.0,1.6290205,2.9576676,5.0299706,0.0
88,3.9348745,2.8711915,4.2479477,0.0,1.980099,2.8730838,4.850386,0.0
89,3.6122253,3.891998,2.1429727,0.0,1.9073689,2.7783155,5.9944925,0.0
90,2.3305106,3.4533799,3.2656782,0.0,1.7138044,3.9624798,4.957771,0.0
91,3.4132426,2.994372,4.9716864,0.0,1.8497558,2.149344,4.7037,0.0
92,4.2931805,1.9678576,5.0957212,0.0,1.661626,1.3581045,3.8255663,0.0
93,3.4124968,2.3828652,4.299402,0.0,1.2755513,2.298289,3.5110297,0.0
94,2.8750305,3.4454763,5.138241,0.0,2.1120095,3.0019863,4.95633,0.0
95,2.7132354,3.412134,4.454296,0.0,1.865994,3.4042518,5.3879824,0.0
96,3.5041542,3.598942,2.7232165,0.0,1.5270302,3.7344627,4.8660975,0.0
97,3.5763402,3.0858164,3.578617,0.0,1.82365,2.9537578,4.911597,0.0
98,3.3757937,2.657862,5.0189285,0.0,2.0100741,2.490835,4.677929,0.0
99,4.9148264,3.0781548,0.38634038,0.0,2.8342037,3.4390604,4.351263,0.0
100,3.0597374,2.8413217,5.4920187,0.0,1.7941886,2.6629136,4.658073,0.0
101,3.599003,2.8855217,5.1721134,0.0,1.4101874,1.9687912,5.1814823,0.0
102,1.5327679,3.3116837,4.331829,0.0,2.2120047,6.007169,4.0383434,0.0
103,5.751215,2.5836952,1.9855732,0.0,0.64025193,1.2405436,5.8522954,0.0
104,2.9858048,2.730537,5.374246,0.0,1.4391513,2.5787306,4.18266,0.0
105,3.69048,2.8107617,2.1142292,0.0,1.8516035,3.969859,5.029508,0.0
106,3.0943723,2.4516995,5.990427,0.0,1.7353795,2.1343737,4.2145386,0.0
107,2.7851923,2.7138908,4.857626,0.0,2.1812265,3.7698314,4.9499817,0.0
108,1.1863775,2.3087914,3.4004922,0.0,1.9152513,5.3624735,2.1312752,0.0
109,3.3275633,2.8931608,5.105587,0.0,1.9335957,2.51662,4.638602,0.0
110,3.8561435,2.3231332,5.3921795,0.0,1.7729061,1.3150601,3.9832149,0.0
111,3.9234624,2.7836874,3.3738716,0.0,1.648851,3.0674722,4.3183823,0.0
112,3.122515,3.0418456,4.5828,0.0,1.5780007,2.7470396,4.627693,0.0
113,4.2406816,2.9100163,3.6524491,0.0,1.8976557,2.419859,5.2089143,0.0
114,3.8373685,2.0784488,5.405074,0.0,1.7675648,1.2967358,3.8482118,0.0
115,3.7866604,2.2862904,5.9313803,0.0,1.6262959,1.306705,4.0201263,0.0
116,3.035816,2.5134969,5.4621735,0.0,1.7508262,2.1568332,4.2610836,0.0
117,3.2882273,2.6510353,5.76043,0.0,1.7684679,2.1771486,4.517382,0.0
118,3.1644957,2.857154,4.5591326,0.0,2.1572127,3.417463,4.7167783,0.0
119,3.0049226,2.5430112,5.46496,0.0,1.6211312,2.5788815,4.0898333,0.0
120,4.5425625,2.8216214,2.1360347,0.0,1.9192681,3.8752792,5.348646,0.0
121,3.632347,2.7669592,6.3975973,0.0,1.8462112,1.2080672,4.958071,0.0
122,3.5618882,2.4703338,4.6562457,0.0,1.47228,2.2342126,4.14956,0.0
123,3.4531171,2.6512997,5.215322,0.0,1.8413056,2.558429,4.801186,0.0
124,3.4851522,3.0864184,3.797016,0.0,1.8103247,2.9937136,5.015995,0.0
125,3.4408178,2.7416828,6.374696,0.0,1.8937967,1.1357656,5.029812,0.0
126,4.0333314,4.8568287,5.1460915,0.0,0.6447409,0.0,8.713887,0.0
127,0.06703329,5.19897,5.266865,0.0,1.3804538,5.8103013,6.505143,0.0
128,2.6768823,3.172364,2.878463,0.0,1.5545316,4.343047,4.6286745,0.0
129,3.4198582,3.578337,3.3568585,0.0,2.1405106,3.7140784,5.637171,0.0
130,3.3794768,2.78253,4.2976713,0.0,2.1041956,2.6044424,4.8619895,0.0
131,4.4223075,1.8368299,5.2377157,0.0,1.3205781,0.8930219,3.4723558,0.0
132,3.808918,3.6513689,2.252851,0.0,2.2727246,3.5907633,6.4495893,0.0
133,3.6549463,3.1260326,3.0027657,0.0,1.6966907,3.7192118,5.12327,0.0
134,3.8017282,2.6875284,4.4112396,0.0,1.9769971,2.3442004,4.55818,0.0
135,3.384345,2.4891503,5.4046135,0.0,1.6107017,2.264633,3.9625797,0.0
136,3.3420281,2.5970206,5.782832,0.0,1.6690373,2.2214072,4.374515,0.0
137,3.0882313,3.0487626,5.4691525,0.0,1.7635977,2.8327346,4.944336,0.0
138,3.8809402,2.2170331,5.6885543,0.0,1.4933227,1.4299939,3.865797,0.0
139,3.7233891,3.863168,2.0557725,0.0,2.1351893,3.5954764,5.6236906,0.0
140,3.4798813,2.8386595,2.4736402,0.0,1.1245768,2.5231183,3.5733109,0.13204536
141,3.6436226,3.2204678,3.7613432,0.0,2.6504045,2.3282442,5.4732466,0.0
142,3.7590847,2.7012231,3.8130507,0.0,1.3653338,2.6570246,4.32987,0.0
143,3.824749,2.7016184,4.577919,0.0,1.9661746,2.3656886,4.194342,0.0
144,3.8720222,2.846936,5.0210752,0.0,1.6838858,2.163303,5.0246906,0.0
145,3.6818786,3.0918796,3.2895088,0.0,1.7159452,2.8767884,5.2266045,0.0
146,4.250353,3.0777853,4.5509405,0.0,1.7193209,1.2480989,6.917062,0.0
147,4.604826,2.0366476,3.5677419,0.0,0.63633925,1.5977144,3.8608627,0.0
148,6.165594,1.8238914,2.744042,0.084466174,0.058134697,0.0,4.210793,0.017807744
149,3.8277311,2.6546767,4.093345,0.0,1.4145831,2.8916986,4.408043,0.0
150,3.3800855,3.104406,6.6824465,0.0,1.922586,1.0473702,5.4846454,0.0
151,5.9707527,2.1672094,3.6941116,0.0,0.39408463,0.0,5.606915,0.0
152,2.1629074,3.5006397,6.329096,0.0,1.88724,3.2996602,5.4786987,0.0
153,4.981988,0.7275969,0.0,0.0,2.4864311,3.4676175,0.34458983,0.0
154,3.580212,2.3322606,5.4873686,0.0,1.5228796,2.012603,3.8355808,0.0
155,3.2762601,2.487106,5.548272,0.0,1.315618,2.001967,3.8703594,0.0
156,3.723164,2.6036837,5.0863113,0.0,1.8190193,2.129196,4.240755,0.0
157,3.7916896,2.582035,5.3076677,0.0,1.705327,1.8797567,4.7321763,0.0
158,3.2962615,2.4806635,5.5474253,0.0,1.392931,2.16475,3.9728913,0.0
159,3.45713,2.5871499,5.413104,0.0,1.535552,2.2313602,4.3857436,0.0
160,3.202773,3.494018,3.4543004,0.0,1.7885581,2.9861538,4.2814326,0.0
161,3.675937,2.1503928,5.131511,0.0,1.3102239,1.3772876,3.542407,0.0
162,3.1556692,3.050133,3.698144,0.0,1.9308391,3.2815533,4.379019,0.0
163,4.490834,1.6225677,4.97875,0.0,1.3205945,1.213681,2.9400878,0.0
164,3.2898915,2.859164,5.7366943,0.0,1.7299756,2.362585,4.6027775,0.0
165,3.2976532,2.3855126,5.2248635,0.0,1.6593482,2.2516494,4.0446963,0.0
166,3.8925805,2.1906555,5.7485504,0.0,1.4814942,1.2388296,3.7665358,0.0
167,4.35947,1.8852363,4.08755,0.0,1.3059459,1.3851244,3.3055758,0.0
168,3.0903175,2.8788927,4.63958,0.0,1.6185105,2.8978477,4.319142,0.0
169,3.4728122,2.1706192,5.0038776,0.0,1.3980988,2.0322862,3.5460148,0.0
170,4.4000034,2.0880926,4.8508105,0.0,1.5680785,1.5608659,4.145293,0.0
171,2.4578545,3.8444765,3.193173,0.0,1.5990822,3.0971787,3.2669039,0.0
172,2.5962358,3.2027814,5.375165,0.0,1.8638228,3.9190905,5.0637627,0.0
173,5.165984,2.7828789,4.9116697,0.0,1.0922837,1.0028847,5.8615866,0.0
174,3.750054,3.824918,0.0,0.0,2.6543875,5.160182,6.4728775,0.0
175,1.5227805,4.317314,4.498741,0.0,1.2001934,3.6244528,4.7642503,0.0
176,3.867519,2.8808084,5.430544,0.0,1.57776,0.6972357,5.4430556,0.0
177,3.3078005,2.8459709,3.738049,0.0,1.9271824,2.9587843,5.1709294,0.0
178,3.346695,2.8592525,3.5208638,0.0,1.1316164,2.2732925,4.418257,0.0
179,3.6502247,2.213576,4.417714,0.0,1.4870573,2.3131554,3.8880816,0.0
180,3.3293972,2.897995,3.7985902,0.0,1.5702963,2.7362254,4.2089906,0.0
181,4.7116776,1.6451313,5.0114975,0.0,1.1905969,0.84121054,3.050902,0.0
182,3.7553399,2.1733036,5.129122,0.0,1.5279484,1.5399182,3.854416,0.0
183,2.3685706,3.103709,3.7453907,0.0,1.9916584,3.56182,4.7178392,0.0
184,3.6386566,3.6168382,3.6673126,0.0,1.8984096,3.3561187,5.72637,0.0
185,3.6223266,2.6141477,5.0410013,0.0,1.4533873,2.5111418,4.1585026,0.0
186,3.4787195,2.4622996,5.637559,0.0,1.6250808,2.0641847,4.499295,0.0
187,4.103096,2.1328957,5.3263416,0.0,1.5259042,1.3713872,3.6827254,0.0
188,3.2731457,2.5934942,5.863784,0.0,1.764429,2.093813,4.404826,0.0
189,3.9484715,2.1603796,5.452006,0.0,1.4256561,1.2618158,3.8016458,0.0
190,3.3805583,2.974642,2.997334,0.0,1.0040045,3.2702491,4.283709,0.0
191,3.5734334,3.0466974,5.3233237,0.0,1.9886758,2.2854383,5.247997,0.0
192,3.1246014,3.1198308,4.1091166,0.0,2.0225215,3.0571163,5.6520824,0.0
193,3.6441698,2.6951492,3.2872038,0.0,1.9090474,2.7086644,5.1504087,0.0
194,3.6058922,3.1576304,4.41648,0.0,1.8868034,2.4248152,5.0407495,0.0
195,3.5329542,2.3988194,5.7213154,0.0,1.6047852,1.7155704,4.167076,0.0
196,2.3799667,2.9559386,6.232971,0.0,1.8309499,3.223829,4.8134546,0.0
197,4.1082573,0.72918284,0.43137217,0.0,0.32220006,5.1928616,2.246729,0.0
198,3.2252297,2.4230382,5.872863,0.0,1.5470815,2.0311007,3.967297,0.0
199,3.470081,2.4489996,5.330843,0.0,1.532783,1.7851169,4.603921,0.0
200,3.481505,2.4527843,5.2857385,0.0,1.5377576,1.8161249,4.58737,0.0
201,3.5749402,2.4759383,5.8629904,0.0,1.5798714,1.7312908,4.2465987,0.0
202,3.1424623,2.487767,5.618133,0.0,1.5685171,2.1889575,3.913649,0.0
203,3.9930305,4.1488733,2.6526723,0.0,2.2738166,3.4537227,6.594827,0.0
204,3.6633797,2.4040227,5.8396983,0.0,1.6224475,1.4972761,4.1831827,0.0
205,3.305341,3.1575716,3.851303,0.0,2.0229497,3.130884,4.826084,0.0
206,5.3374443,3.6103306,3.838703,0.0,1.5479295,1.4320097,7.930928,0.0
207,3.489061,2.4450266,5.675664,0.0,1.6058058,1.9195058,4.1444464,0.0
208,3.4924343,2.443465,5.2883983,0.0,1.5564551,2.0729485,3.7917414,0.0
209,3.4477956,3.7176893,2.773132,0.0,2.2621524,3.677711,5.808463,0.0
210,3.5739245,2.6253726,3.695159,0.0,1.7792848,2.041394,3.3742661,0.0
211,3.2185042,3.1936057,4.8739862,0.0,1.6770269,2.866564,4.877491,0.0
212,3.099689,3.130807,6.4417896,0.0,1.8945937,2.056644,5.3865366,0.0
213,3.0611372,3.2482104,5.571041,0.0,2.064157,2.3078537,5.3191156,0.0
214,3.5432684,3.6005812,2.976441,0.0,1.4114218,3.5495079,5.4924374,0.0
215,4.083904,2.9345853,5.0510654,0.0,1.948077,2.1056771,5.5192575,0.0
216,3.0396352,3.0501416,3.8515692,0.0,1.6943045,2.1780248,4.806246,0.0
217,4.545811,3.018253,2.4725804,0.0,1.6063905,2.3359096,4.9789944,0.0
218,2.961941,2.8274436,6.1098957,0.0,1.8749392,2.1829875,4.9772854,0.0
219,4.8888206,2.2205503,0.9761659,0.0,2.5123696,5.0657043,4.503901,0.0
220,1.060041,4.3446407,3.2678874,0.0,3.2833457,4.6524734,5.437207,0.0
221,1.0628049,2.3398144,2.0009618,0.0,0.0,0.6671659,0.88298976,0.0
222,3.5231261,2.539929,5.9732914,0.0,1.7423751,1.4152806,4.570883,0.0
223,3.7403522,2.834289,2.9940524,0.0,1.9781506,3.0761092,5.470797,0.11935893
224,3.604232,2.4084187,5.866808,0.0,1.854373,1.6392591,4.489191,0.0
225,3.0327106,2.9884536,5.491718,0.0,1.7767183,2.7361119,5.2421913,0.0
226,3.7006683,3.4317214,3.478568,0.0,1.6496949,3.3900418,5.283001,0.0
227,3.0418224,2.6429207,5.882054,0.0,1.6100621,2.3778734,4.291698,0.0
228,3.0601678,2.5963352,5.927224,0.0,1.5963552,2.28458,4.194461,0.0
229,3.1006765,3.1139395,6.665641,0.0,1.9787407,1.4988172,5.5632277,0.0
230,3.6653202,3.0153987,3.5005276,0.0,2.4358087,3.0115733,5.3539553,0.0
231,3.02602,3.384219,3.0115871,0.0,2.3162198,3.9638474,4.349736,0.0
232,3.3933375,3.3533804,1.5119883,0.0,1.7329597,3.372155,5.2715545,0.0
233,1.6660976,3.909969,6.461257,0.0,1.8701359,2.895362,5.824419,0.0
234,3.141074,2.7626846,6.0035925,0.0,1.6095359,2.1277401,4.359619,0.0
235,3.321754,2.573634,4.461575,0.0,1.3611692,2.4018214,4.0307603,0.0
236,3.349751,2.4291213,5.1482816,0.0,1.3851204,1.8277786,3.8832884,0.0
237,3.3771868,2.4012,5.3189974,0.0,1.4507004,1.972234,3.80029,0.0
238,3.7253745,2.860728,5.0589457,0.0,2.0196357,2.5721076,5.2465534,0.0
239,3.6634407,2.34806,5.309387,0.0,1.5772429,1.7776985,4.054787,0.0
240,3.0817657,2.4699638,4.8753004,0.0,1.7946901,2.3215292,4.178465,0.0
241,4.248219,2.5149739,5.122934,0.0,1.7001605,1.3918507,5.070419,0.0
242,4.427697,3.24563,2.681087,0.0,1.216989,2.2564287,5.8877487,0.0
243,3.8252003,1.9149148,4.5906153,0.0,1.3759062,2.2144966,3.5162177,0.0
244,3.4046443,3.0105047,5.1650662,0.0,1.9687798,2.2279603,4.9032154,0.0
245,2.9891357,4.0334167,3.0232775,0.0,1.9476824,3.581125,5.8602085,0.0
246,3.7840316,3.7214868,2.4790478,0.0,1.9533398,3.2459314,5.98194,0.0
247,3.6365764,3.0956914,3.866622,0.0,1.357634,2.800431,4.1538587,0.0
248,2.9797623,2.6431797,5.930541,0.0,1.6804045,2.4786015,4.3340774,0.0
249,1.2222953,4.6799593,4.7014856,0.0,2.8698874,2.952833,5.8494587,0.0
250,2.9133868,2.6826525,5.781515,0.0,1.4252295,2.7118626,4.2709913,0.0
251,3.2664695,3.0187263,3.7428827,0.0,2.2864344,2.3809912,5.4263763,0.0
252,4.2836466,2.767144,4.6715684,0.0,1.7998757,2.0455062,4.8630586,0.0
253,3.1405606,3.694783,3.1093526,0.0,1.7116232,4.415004,5.3788834,0.0
254,4.0656843,2.2601638,5.0585375,0.0,1.5481206,1.6178899,4.006774,0.0
255,4.0656843,2.2601638,5.0585375,0.0,1.5481206,1.6178899,4.006774,0.0
256,3.3214176,3.013662,2.261911,0.0,1.8463787,4.6448092,6.1627846,0.0
257,3.8956783,2.4842463,4.9617352,0.0,1.8805368,2.2134187,4.4321046,0.0
258,3.1498175,3.2751043,4.481621,0.0,1.7219942,2.7368343,5.117339,0.0
259,3.541853,3.072471,3.83366,0.0,1.4132185,2.48138,4.267069,0.0
260,2.9009948,3.2196872,5.3542547,0.0,2.1902266,2.935032,4.9465632,0.0
261,3.7627537,2.1791487,5.610424,0.0,1.4951093,1.4470906,3.7810163,0.0
262,3.1575713,2.6219578,5.8321047,0.0,1.5175996,2.2819312,4.119149,0.0
263,4.011843,2.9250777,3.4421895,0.0,1.8209567,2.3712482,5.2369614,0.0
264,4.0089216,3.2333758,3.5756848,0.0,2.051282,2.4464934,5.9401913,0.0
265,4.324025,2.1965792,5.211704,0.0,1.9094255,1.5569813,4.3801203,0.0
266,4.111885,2.2883096,4.7657757,0.0,1.4901476,1.7159541,4.004557,0.0
267,3.7952607,2.370617,4.591013,0.0,1.7887483,1.9456391,3.9679832,0.0
268,4.168054,2.2367136,4.7934685,0.0,1.7196598,1.7756629,4.1442366,0.0
269,3.2536402,3.1065753,4.183981,0.0,1.850987,3.011122,5.109588,0.0
270,3.2011874,3.3316092,3.0795107,0.0,1.5695405,3.4541147,5.151247,0.0
271,4.0369644,2.735517,5.1489534,0.0,1.6439812,2.0317135,4.489381,0.0
272,3.2573926,3.327907,3.1224766,0.0,1.6774709,3.279474,5.780605,0.0
273,3.5083249,2.2582915,5.809929,0.0,1.6088605,1.6562948,3.8784733,0.0
274,3.6452658,2.3900163,5.915527,0.0,1.8602861,1.4697354,4.371875,0.0
275,3.6839828,2.1126418,5.708565,0.0,1.6119378,1.465286,3.8042665,0.0
276,3.388256,2.4089727,5.4870443,0.0,1.5735908,2.0820389,4.116659,0.0
277,3.790663,2.8234107,3.9403927,0.0,2.4307048,3.4358022,4.9620256,0.0
278,3.543334,2.6561382,2.620336,0.0,1.453551,2.2292137,4.02761,0.0
279,3.6100574,2.7785563,4.09205,0.0,1.6998765,2.498219,4.150749,0.0
280,3.9549918,2.8471098,4.130316,0.0,2.0564623,2.9781268,5.131427,0.0
281,3.173026,2.782266,6.430414,0.0,1.869297,1.5655191,4.8391047,0.0
282,1.18396,4.2609262,6.0431776,0.0,1.6772856,4.0004005,6.4335957,0.0
283,0.9720926,2.1738298,0.0,0.0,2.4862757,10.862499,0.18042624,0.0
284,2.1374528,4.5531464,4.6467915,0.0,1.9501345,5.2771807,7.3191843,0.0
285,2.5518486,5.4873924,4.5186424,0.0,0.33537528,3.3771489,8.902253,0.0
286,2.1374528,4.5531464,4.6467915,0.0,1.9501345,5.2771807,7.3191843,0.0
287,4.95327,3.4252853,5.5018353,0.0,1.1747655,0.5568187,7.7192984,0.0
288,5.4085164,1.6899488,2.8393095,0.0,0.12359219,0.1301871,4.188376,0.0
289,3.4028556,3.0391934,5.5745482,0.0,1.4852004,2.35677,4.6488004,0.0
290,4.164586,2.2662094,4.9695897,0.0,1.5111836,1.4252727,3.9950461,0.0
291,3.618966,3.439512,3.8866954,0.0,1.6988975,3.5937574,5.5137978,0.0
292,3.1582646,2.350622,5.6778975,0.0,1.372387,2.165731,3.6151824,0.0
293,3.2864614,2.5153477,5.1146555,0.0,1.3972762,2.275398,3.8899822,0.0
294,4.0349445,2.3023202,5.019106,0.0,1.6812339,1.6834106,4.1626625,0.0
295,3.9612665,2.3302984,5.6318464,0.0,1.5890023,1.4003177,4.026217,0.0
296,3.6566439,2.260589,4.995105,0.0,1.3594633,1.9109099,3.7927685,0.0
297,3.495351,2.4951146,4.99175,0.0,1.4754977,1.9274387,3.956582,0.0
298,2.114247,3.7972047,6.9577675,0.0,1.9798858,1.8334005,5.75847,0.0
299,5.0543184,2.400534,4.0597334,0.0,1.0035894,1.2093167,5.224469,0.0
300,4.449209,2.2647943,4.0674486,0.0,1.3687013,1.4990029,3.4205608,0.0
301,3.330767,2.4781656,5.365728,0.0,1.5687033,2.5849292,3.983355,0.0
302,3.3649817,2.3536425,5.171357,0.0,1.2769176,2.1208751,3.5264273,0.0
303,2.8939424,2.5109444,5.608657,0.0,1.5282185,2.7347274,4.072351,0.0
304,4.281872,4.269616,3.1413996,0.0,0.22429973,0.6255962,6.757604,0.0
305,2.318544,3.3589506,6.3052454,0.0,1.6472237,2.8902605,5.0857058,0.0
306,2.7936928,2.766244,4.7602673,0.0,1.651193,3.5808647,4.431609,0.0
307,3.4366686,2.9560316,3.4742317,0.0,1.8161927,3.2201743,4.91634,0.0
308,3.4501312,2.3998961,5.455678,0.0,1.5179961,2.2532837,3.9906392,0.0
309,4.4115305,3.5795188,2.143147,0.0,1.3730745,2.687565,4.498101,0.0
310,2.9606662,2.5460973,5.7853603,0.0,1.5010481,2.690636,4.05005,0.0
311,5.444934,2.4473727,3.5435965,0.0,0.4992758,0.4383502,4.564194,0.0
312,3.8725219,2.194002,5.2410975,0.0,1.328481,1.1724125,3.4807425,0.0
313,3.7443025,3.6104019,1.9802077,0.0,1.06016,2.495768,7.0334625,0.0
314,0.11782217,5.0774765,5.7012153,0.0,1.4377031,5.587737,6.348077,0.0
315,3.547931,2.8154898,4.5156574,0.0,1.8180108,2.268829,5.089228,0.0
316,3.4766824,3.1708906,3.4704232,0.0,2.0681415,2.807531,5.352833,0.0
317,3.8291323,3.0764344,4.185133,0.0,1.9757161,2.9051144,4.93452,0.0
318,3.1898973,3.7030146,2.068649,0.0,2.3574502,5.027584,6.8039393,0.0
319,4.237678,2.6497362,3.3838568,0.0,1.669872,2.2459853,5.5292635,0.0
320,3.5910897,2.781728,5.812696,0.0,2.0712621,1.9995983,5.029636,0.0
321,1.912076,3.0929396,3.3036637,0.0,1.2762556,5.153721,3.551136,0.0
322,3.1555033,2.6088068,5.97812,0.0,1.8935878,2.0473936,4.426491,0.0
323,3.707227,2.9541388,2.9366589,0.0,1.4487773,3.732179,5.038829,0.0
324,3.8197114,3.569681,3.234333,0.0,1.6955943,2.98793,4.9479895,0.0
325,3.185036,2.7690399,5.924946,0.0,1.7423761,2.1584215,4.592168,0.0
326,3.0558262,2.93502,6.043616,0.0,1.6949303,2.6637528,4.909436,0.0
327,3.897051,2.4662695,5.8376017,0.0,1.8012248,1.5710471,4.5549717,0.0
328,3.3995464,3.2302625,2.5086894,0.0,1.6003783,3.6129596,5.4890122,0.0
329,3.1314008,2.5617964,5.729413,0.0,1.4361573,2.2904053,4.1493163,0.0
330,4.4545507,0.34750247,0.0,0.0,0.37851113,5.0437584,0.9767512,0.0
331,3.6786892,3.1781666,3.0506947,0.0,1.4651536,3.0868657,4.857432,0.0
332,3.426208,2.4969583,4.987619,0.0,1.4510915,2.2571473,4.1024766,0.0
333,3.2837472,2.725403,5.3966236,0.0,1.7578977,2.5748246,4.6575966,0.0
334,2.5953155,3.8350794,3.652984,0.0,2.176404,4.0375075,5.8476973,0.0
335,1.9936187,3.2426126,6.4132547,0.0,1.798264,3.4804227,4.8070135,0.0
336,2.4557543,2.7598507,1.5766292,0.0,1.7205945,4.309214,3.3413873,0.0
337,4.6594286,1.8207328,0.7910341,0.0,0.63198966,5.252124,3.4025126,0.0
338,3.3509872,2.9086726,3.9559605,0.0,1.4028733,3.4507241,4.625943,0.0
339,3.7221355,2.5273125,3.7374628,0.0,1.1433905,2.4398582,3.8829541,0.0
340,3.577457,3.6883204,1.7275641,0.0,2.1920774,4.0439534,5.928954,0.0
341,3.067362,2.972045,5.583619,0.0,1.7505956,2.7118278,4.7519836,0.0
342,3.2095606,3.2805908,4.7764044,0.0,1.8082191,1.8582165,5.607869,0.0
343,2.5832431,3.0148098,4.685047,0.0,1.4852114,3.76002,3.7329745,0.0
344,3.4736333,2.598676,5.328755,0.0,1.5019643,1.994839,4.186048,0.0
345,3.411643,2.634762,5.0339136,0.0,1.6869493,2.4372923,4.3084497,0.0
346,4.255775,3.1723955,2.141084,0.0,2.1955538,2.912627,5.082509,0.0
347,3.769046,3.0490034,2.6618261,0.0,2.010846,2.707911,4.556034,0.0
348,3.1389863,2.424465,4.9159775,0.0,1.2354529,2.1879163,3.7268095,0.0
349,3.0856762,2.716272,4.362155,0.0,1.9747739,2.5383558,4.269593,0.0
350,3.352005,2.9776912,3.9343078,0.0,2.0175903,3.3441565,4.95798,0.0
351,3.7724748,2.7224755,4.191779,0.0,1.6256716,2.512648,4.1336155,0.0
352,3.8863056,3.104366,4.1378746,0.0,1.8885636,2.4513047,5.061155,0.0
353,3.9843092,2.7122602,3.8073926,0.0,2.0752935,2.9777396,4.7366815,0.0
354,1.864984,3.6596758,6.225745,0.0,1.6336116,3.719764,5.31739,0.0
355,3.8801637,2.1936078,4.418066,0.0,1.3150024,2.036682,3.5515137,0.0
356,3.6827097,3.5083168,2.4425793,0.0,1.65156,4.1226997,5.7417297,0.0
357,4.1593466,2.8096712,4.472472,0.0,1.2996409,0.8057862,6.1039643,0.0
358,3.1717153,2.5832155,5.9528947,0.0,1.5542352,2.2825427,4.0370545,0.0
359,3.8874326,2.351121,4.737918,0.0,1.4682199,2.0811493,4.123627,0.0
360,3.3332257,3.5045218,2.717127,0.0,2.16613,4.0344167,5.6085978,0.0
361,3.6871917,2.4651,4.5477514,0.0,1.8903131,2.6798966,4.619791,0.0
362,3.3655899,2.3065808,5.442081,0.0,1.4024645,2.049549,3.811782,0.0
363,3.33226,2.3355048,5.4976873,0.0,1.4627458,2.0849392,4.0233517,0.0
364,4.626824,1.7118056,4.964486,0.0,1.2909384,0.9655964,3.303464,0.0
365,3.202652,2.5289145,5.3680906,0.0,1.5400432,2.1306062,3.9964404,0.0
366,3.921606,3.1152232,4.0713015,0.0,2.0099468,2.278481,5.4904394,0.0
367,3.4560957,2.9596653,4.609695,0.0,1.4526359,2.619854,4.6623516,0.0
368,4.029195,1.9359248,5.208665,0.0,1.2246997,1.2700806,3.3932414,0.0
369,3.1377327,2.6062925,5.5672483,0.0,1.3481674,2.307566,3.9697332,0.0
370,3.9919133,2.8079028,0.9442866,0.0,3.8360822,2.8517582,4.5051823,0.0
371,2.4973037,3.5269434,4.9637384,0.0,1.653775,3.596941,5.0066805,0.0
372,4.0434217,1.9070573,5.239791,0.0,1.4086615,1.2347302,3.5038185,0.0
373,3.0292943,2.7168777,3.4362783,0.0,1.6801171,3.354857,4.504935,0.0
374,2.907176,3.5097404,4.050269,0.0,1.8822875,3.6167815,5.1703234,0.0
375,3.6090984,2.0944998,5.683154,0.0,1.5465374,1.5177319,3.7136278,0.0
376,3.7729535,2.8763175,3.9878545,0.0,1.2482548,2.6948383,4.5040774,0.0
377,3.7319858,3.3624628,3.097796,0.0,1.434802,3.3490338,4.3377075,0.0
378,3.050414,3.126195,4.7382364,0.0,2.155503,2.901418,4.7457104,0.0
379,3.5833385,3.440853,3.2016432,0.0,2.0464852,3.68241,5.376526,0.0
380,3.1990066,3.040845,3.267769,0.0,1.6214902,3.4256675,4.80651,0.0
381,3.08782,3.0108435,6.16228,0.0,1.6516305,2.1557007,4.8039227,0.0
382,4.5040903,0.92672074,0.0,0.0,1.7313783,2.9951427,0.26531696,0.0
383,2.774735,2.8359413,5.45597,0.0,1.7999213,3.231016,4.822075,0.0
384,3.3256884,3.2310896,4.028848,0.0,1.7470937,3.741861,5.650404,0.0
385,3.4719472,2.9589481,4.178523,0.0,1.9566422,3.0338995,4.8569746,0.0
386,0.91365075,5.3499393,4.9263887,0.0,1.253556,6.1133814,7.261402,0.0
387,0.8859668,5.382885,4.9149113,0.0,1.2066255,6.160694,7.359744,0.0
388,3.1240702,3.54006,3.0922413,0.0,2.0677545,4.2990236,5.048354,0.0
389,3.7130244,3.0969605,3.496111,0.0,1.7799811,3.1736195,5.473545,0.0
390,3.2317188,2.5690024,4.7098265,0.0,1.4827785,2.1595042,3.844767,0.0
391,3.169237,3.0002358,4.678686,0.0,1.8259817,2.8547342,4.5851545,0.0
392,3.6898563,2.1597016,4.819544,0.0,1.1512495,1.8702819,3.507495,0.0
393,3.1343124,2.9979174,4.4098997,0.0,1.3760378,3.3530228,4.67138,0.0
394,5.0552306,2.7217724,1.8338919,0.0,1.211808,3.2553825,5.6635733,0.0
395,4.304494,1.8286803,5.176857,0.0,1.3512772,1.114419,3.340178,0.0
396,3.6503778,2.7332485,2.7638755,0.0,2.1535525,3.3167803,4.1693516,0.0
397,3.6788335,3.277955,2.1530995,0.0,1.5203536,3.5148005,5.0724673,0.0
398,3.252124,3.0485384,2.6997192,0.0,2.2664402,2.4711792,4.4910684,0.0
399,2.9275835,2.83829,4.73713,0.0,1.4867281,3.433284,4.2918463,0.0
400,4.186608,3.0772955,4.7870064,0.0,1.3640968,0.47574013,6.6925545,0.0
401,2.8051176,2.6552312,5.9831667,0.0,1.7712471,2.3275762,4.402774,0.0
402,3.7844384,3.9122388,0.3840518,0.0,2.4926193,3.813356,6.577409,0.0
403,3.598788,2.6170964,3.6039624,0.0,1.363442,2.9331899,4.313114,0.0
404,3.8332584,3.1037607,4.0563726,0.0,1.3656232,0.7493859,6.529174,0.0
405,2.9576354,2.5540082,5.951206,0.0,1.6301122,2.5312035,4.14477,0.0
406,3.333146,2.7496443,5.1093264,0.0,1.7125763,2.5437691,4.2897787,0.0
407,3.879972,2.381504,4.870411,0.0,1.3877397,2.5389683,4.085911,0.0
408,2.9490552,3.1372104,4.5407915,0.0,1.6000426,3.2167315,4.607302,0.0
409,4.127288,2.8035653,4.029425,0.0,1.5581404,1.8010747,5.0373073,0.0
410,3.957325,2.7844496,1.3242627,0.0,2.4347668,4.622032,4.8111124,0.0
411,3.3513713,4.533903,1.017843,0.0,1.7668109,4.5341268,6.985134,0.0
412,2.877509,2.8704865,5.373564,0.0,1.6119478,2.9374852,4.150088,0.0
413,4.194872,4.27423,3.8832889,0.0,0.52988654,0.5361892,7.124486,0.0
414,2.3815222,3.2763445,5.5483236,0.0,1.4409097,2.8959405,4.309408,0.0
415,3.713008,2.3164558,5.020095,0.0,1.4770617,1.8322904,3.8723254,0.0
416,2.8917367,3.6860206,2.3132775,0.0,1.562816,4.4668884,4.433155,0.0
417,3.1299179,2.869432,3.8232841,0.0,1.4145148,3.035651,4.097191,0.0
418,3.1890059,2.5109856,5.5863447,0.0,1.4906235,2.0393093,3.8401136,0.0
419,4.44761,2.330825,4.4414577,0.0,1.7388668,0.57861817,5.8991523,0.0
420,3.7635145,1.9614844,4.56219,0.0,1.3820779,1.6790833,3.3824453,0.0
421,4.1651487,3.0886292,4.2472954,0.0,1.8617375,2.4443595,4.9642196,0.0
422,4.346374,2.038784,4.625477,0.0,1.2790139,1.6090534,3.5965662,0.0
423,2.9942682,3.7533886,4.318205,0.0,2.3145716,3.5438128,5.5077667,0.0
424,3.0654225,3.0525322,3.0663269,0.0,2.033123,3.2998884,4.167263,0.0
425,3.9906769,2.1980906,4.8268685,0.0,1.526389,1.5759561,3.6991467,0.0
426,3.1786137,3.753825,3.6554255,0.0,2.0245354,4.061532,5.799719,0.0
427,3.3489506,2.2165437,5.851314,0.0,1.6244215,1.7868371,3.7340736,0.0
428,3.2111669,2.393398,4.779765,0.0,2.1561136,3.5328267,5.0398264,0.0
429,3.848755,2.2438266,5.41625,0.0,1.3618869,1.4366736,3.765985,0.0
430,3.4452326,2.4526527,5.3764343,0.0,1.2528828,2.118484,4.1016912,0.0
431,4.0492935,2.7115638,3.4702737,0.0,1.6308167,2.5932148,4.500096,0.0
432,3.7777896,2.8708017,2.7847722,0.0,1.9615481,3.1109614,4.8095636,0.0
433,4.0221243,2.9067235,3.8989003,0.0,1.7929457,2.7177265,4.945735,0.0
434,3.6321735,2.4247434,3.7876253,0.0,1.5845402,2.3068898,3.596696,0.0
435,3.012038,2.7332945,6.1487017,0.0,1.7209917,1.8109658,4.4313025,0.0
436,0.095941305,5.175046,5.6327763,0.0,1.3986702,6.2799206,6.62992,0.0
437,0.62511706,3.3619153,0.0,0.0,2.2145128,9.470021,1.1857983,0.0
438,0.3763895,5.833294,2.1714034,0.0,1.8912781,8.9857645,7.0439444,0.0
439,1.0655723,5.2912455,3.8932912,0.0,1.8195856,6.728776,7.077387,0.0
440,0.3763895,5.833294,2.1714034,0.0,1.8912781,8.9857645,7.0439444,0.0
441,5.1801143,3.3814685,5.1805897,0.0,1.048208,0.8255834,7.459588,0.0
442,5.73827,1.9882872,3.1637363,0.0,0.31523052,0.26302254,4.9450936,0.0
443,3.512741,2.3952096,4.6769466,0.0,1.4798319,2.1198032,4.2751617,0.0
444,3.8799617,2.5692961,4.743493,0.0,1.6696131,1.9011493,4.5374746,0.0
445,3.627391,2.6177967,3.455579,0.0,1.7695906,3.3268297,4.0252304,0.0
446,3.5325499,3.0464556,3.7193155,0.0,1.6022578,2.7330444,4.660219,0.0
447,3.1977925,2.5175753,5.8199234,0.0,1.8877378,1.9325764,4.2311687,0.0
448,3.85783,3.3278253,2.9304328,0.0,1.7540447,2.8955848,5.89442,0.0
449,3.0259182,3.0517738,4.4995036,0.0,1.7988026,3.3030221,4.570758,0.0
450,4.095338,2.0203912,5.3929114,0.0,1.749134,1.5456815,3.8269725,0.0
451,3.8336706,2.370849,5.3991346,0.0,1.6020727,1.8278599,4.0152617,0.0
452,3.863539,2.3258598,5.4448605,0.0,1.5727875,1.73914,3.9634,0.0
453,3.1218295,2.3293335,5.0695033,0.0,1.4541646,2.2328823,3.5993395,0.0
454,2.2021086,3.1281574,6.0420055,0.0,1.6370333,3.2887895,4.7159805,0.0
455,3.0044243,2.5688825,3.9091835,0.0,1.7370255,2.678837,3.579331,0.0
456,2.7959049,2.798034,5.326646,0.0,1.6083181,2.9837544,4.4797583,0.0
457,3.945554,0.14748216,0.0,0.0,2.554128,0.55524826,0.28378117,0.0
458,3.3929625,2.8836522,3.6835465,0.0,1.797318,3.4035342,4.8391023,0.0
459,3.8886037,2.445714,3.6130526,0.0,1.3836001,2.1315172,3.9744596,0.0
460,3.362073,2.7401235,3.0796928,0.0,1.4887722,2.872543,4.2721,0.0
461,3.8778622,2.1003754,4.745148,0.0,1.787678,1.5845828,3.6245127,0.0
462,3.276753,2.4431198,5.103792,0.0,1.4354715,2.2153924,3.6333704,0.0
463,3.7309988,2.1275208,5.3743563,0.0,1.4170958,1.5213382,3.5833645,0.0
464,3.7679696,2.0415342,5.333932,0.0,1.3509663,1.3195949,3.4507837,0.0
465,3.5150774,2.5118632,5.720934,0.0,1.6896138,1.7847266,4.192524,0.0
466,4.1840487,2.1448014,5.311697,0.0,1.4875414,1.3104279,3.8509645,0.0
467,3.3123877,2.5156224,5.93882,0.0,1.661423,1.871146,4.3128805,0.0
468,3.5824382,2.6693547,5.158986,0.0,1.7129941,2.2207205,4.2151656,0.0
469,2.891707,3.0624158,4.7057486,0.0,1.8994658,3.0520322,4.9578905,0.0
470,2.9284296,3.0418906,4.6352587,0.0,1.9386764,3.1107779,4.9032645,0.0
471,3.988573,2.7340643,2.749075,0.0,1.402061,2.7837982,3.8413248,0.0
472,3.627862,3.4585445,2.7964423,0.0,1.6058228,3.437878,4.808525,0.0
473,3.9156053,2.8247364,1.191194,0.0,1.5372562,4.176294,5.4619527,0.0
474,2.5788114,2.8678372,6.047458,0.0,1.7175086,2.730731,4.4794054,0.0
475,3.7825496,2.237465,4.88803,0.0,1.3037783,1.6751854,3.7658587,0.0
476,3.8673065,0.29496312,0.882195,0.0,2.373724,0.47493047,0.023424268,0.0
477,2.394876,3.1447484,6.152602,0.0,1.7448572,2.8135378,4.9851904,0.0
478,4.324492,1.9032404,3.9913888,0.0,1.2750775,1.491519,3.4722695,0.0
479,3.3308544,2.3521972,5.412641,0.0,1.4562333,2.2321606,3.9703054,0.0
480,3.3905935,3.091645,4.810047,0.0,1.8833723,2.7877042,4.70318,0.0
481,3.953321,2.918952,3.5606308,0.0,1.7292588,2.5264142,4.794924,0.0
482,3.03899,2.9294777,6.4088354,0.0,1.934022,2.0521202,4.979399,0.0
483,3.4557729,2.6486788,4.9611645,0.0,1.6921521,2.4703176,4.6948223,0.0
484,1.8387972,4.0562553,6.1948776,0.0,1.7524939,2.1379929,6.23569,0.0
485,4.0712748,1.354094,2.3130898,0.0,0.29107505,4.885054,2.8179111,0.0
486,3.363315,2.3677423,5.315879,0.0,1.5491544,2.2243474,3.8435993,0.0
487,1.6975296,2.5264785,1.7361903,0.0,1.3377665,4.848453,2.9281492,0.0
488,4.131562,2.5347896,5.4129357,0.0,1.6134012,1.4332874,4.8679514,0.0
489,4.005788,3.5504086,1.4461217,0.0,2.4620771,4.6745806,5.5404015,0.0
490,2.7647035,3.1349876,5.3091183,0.0,1.9071281,2.9694371,4.944276,0.0
491,2.6770332,3.1055276,4.577438,0.0,1.7026118,3.5539818,4.4476175,0.0
492,1.634982,1.4149547,2.3913858,0.0,0.80113745,5.9759026,1.3746501,0.0
493,3.438332,3.3232667,2.5899556,0.0,1.9565303,3.6410358,5.636258,0.0
494,2.7190804,2.9309528,6.0480385,0.0,1.7078172,2.6207187,4.5472317,0.0
495,3.7228692,2.620063,4.1344147,0.0,1.7280812,2.196425,4.6371317,0.0
496,3.6398685,2.8888965,3.6650379,0.0,2.1504128,2.9819603,5.077082,0.0
497,3.5523262,2.6165402,5.2560043,0.0,1.7587804,2.3521128,4.639898,0.0
498,3.3119717,2.610857,3.5340104,0.0,1.4689484,2.4052274,3.8251233,0.0
499,3.5723443,2.064861,4.9839964,0.0,1.2620219,1.6936982,3.2019567,0.0
500,3.9645765,3.2718804,3.0700617,0.0,1.0237887,2.7191668,5.75245,0.0
501,3.1281593,3.0206747,6.3997316,0.0,1.8743846,1.8836584,5.255239,0.0
502,3.9787524,2.8086941,3.4621396,0.0,1.3806471,3.039642,4.7973003,0.0
503,3.0054352,2.973078,5.632269,0.0,1.6276295,2.5395684,4.6629987,0.0
504,3.3358288,2.7575715,4.8042984,0.0,1.7278283,2.2845335,4.36325,0.0
505,3.4351137,3.823714,2.6390517,0.0,1.9293973,4.3406863,5.958294,0.0
506,3.980147,2.6395402,4.342014,0.0,1.4721683,2.4232457,4.1002073,0.0
507,4.0135546,2.1171026,4.3437757,0.0,1.2673042,1.5484805,3.6390243,0.0
508,4.0322,2.5638604,4.880817,0.0,1.9993038,2.103604,4.245219,0.0
509,1.919981,3.6354797,6.1026993,0.0,1.5019292,3.352285,5.046382,0.0
510,3.643787,2.2962923,4.9013243,0.0,1.4832208,2.1553974,3.9428988,0.0
511,3.4686172,2.9610717,3.3716302,0.0,1.2904909,2.8536108,3.9017549,0.0
512,5.865749,2.9288776,4.1880927,0.0,0.9525179,0.42335522,6.7029653,0.0
513,3.3415442,2.5170515,5.773049,0.0,1.6564565,1.9313471,4.063668,0.0
514,4.010836,2.1066587,4.8768167,0.0,1.2261066,1.3015318,3.6422381,0.0
515,4.4376254,2.1253915,1.0603335,0.0,0.5452463,4.90064,4.0928345,0.0
516,4.069854,2.9138973,3.5293965,0.0,1.2571793,2.628143,4.7015634,0.0
517,3.7315648,2.4977512,4.4945774,0.0,1.5121288,2.1388645,4.1678267,0.0
518,3.3001046,2.7470257,5.7843313,0.0,1.6585906,2.361477,4.967309,0.0
519,3.357894,2.6523964,5.488408,0.0,1.6541924,2.3149412,4.966314,0.0
520,4.7105427,2.8029158,2.5676205,0.0,1.1896901,1.864075,5.0373816,0.0
521,4.0471935,2.2834554,3.9865234,0.0,0.99748415,1.7441015,3.6177902,0.0
522,2.9961247,4.692234,2.9209483,0.0,1.631591,4.6445494,6.6304474,0.0
523,3.6774013,2.6851575,4.444809,0.0,1.8494917,2.5506463,4.788471,0.0
524,3.823984,2.2631292,4.863926,0.0,1.1820275,1.6848507,3.7613354,0.0
525,3.3315217,2.4518855,5.5242233,0.0,1.5948733,2.20122,3.9592319,0.0
526,3.8641005,2.6815073,3.054027,0.0,1.8060391,2.4673944,4.014134,0.0
527,3.683576,3.3176405,3.7447872,0.0,1.935983,2.33232,5.1548605,0.0
528,3.273241,2.4784892,5.5686445,0.0,1.5622633,2.1098282,4.026802,0.0
529,2.8532987,2.707854,5.5908146,0.0,1.4071965,3.2361991,4.071728,0.0
530,3.6415057,2.1166184,5.427758,0.0,1.487298,1.572901,3.5462642,0.0
531,3.4121346,2.4392369,5.5543814,0.0,1.5226538,2.118954,4.3166847,0.0
532,3.0327723,2.6862066,4.666379,0.0,1.7388331,3.132415,4.004676,0.0
533,3.503814,2.660774,5.489481,0.0,1.4993573,1.6943426,4.654209,0.0
534,2.0708225,3.2982829,3.8812659,0.0,1.3338311,4.1104417,3.5523272,0.0
535,3.5248218,2.261215,5.5857515,0.0,1.5969651,1.8589137,3.7101712,0.0
536,3.5729492,2.2985108,5.151593,0.0,1.4129398,1.7672105,3.6890016,0.0
537,3.1181846,2.824852,4.6156845,0.0,1.6174554,2.8321006,5.015071,0.0
538,3.224196,3.0666203,2.691646,0.0,1.7031235,4.18302,4.4418564,0.0
539,3.7227552,2.8464997,2.5506446,0.0,1.4750612,3.0729988,5.600623,0.0
540,3.946229,2.7769444,2.468954,0.0,1.2125671,2.6575549,4.1920304,0.0
541,3.4137626,2.5862103,3.6680546,0.0,1.9115129,2.8588703,4.8988247,0.0
542,4.0061946,2.9057474,2.104475,0.0,0.8910509,2.6755307,4.365491,0.0
543,4.0001855,2.2114866,5.2431393,0.0,1.3055956,1.3353751,3.8074994,0.0
544,3.9827056,0.2028898,0.0,0.0,2.30651,0.65541285,0.0,0.16843484
545,3.282525,2.8217523,2.4176164,0.0,1.3037057,3.4871366,4.2040586,0.0
546,3.1294706,3.3421013,3.624678,0.0,1.775496,3.22956,5.24384,0.0
547,3.5416892,2.952121,3.5527294,0.0,1.288207,2.763011,4.670512,0.0
548,3.6030214,2.513663,3.6139398,0.0,1.4849181,2.3937876,3.8184285,0.0
549,3.326726,2.3871572,4.9603415,0.0,1.5747323,2.3593397,3.9050565,0.0
550,2.7057714,2.8064344,4.286972,0.0,1.1594446,3.483565,3.9047241,0.0
551,3.9216604,2.4498568,5.0577135,0.0,1.4776715,1.9394488,4.2599187,0.0
552,2.977254,2.682031,5.248267,0.0,1.7456995,2.5216699,3.9733934,0.0
553,4.287351,2.3078954,4.6456614,0.0,1.4665006,1.9850931,3.8722434,0.0
554,0.75592184,3.2985768,4.649315,0.0,1.092463,6.2902155,3.86208,0.0
555,4.415976,2.081372,5.147082,0.0,1.5032676,1.4658005,3.9075708,0.0
556,3.0914683,2.9354522,3.5725248,0.0,1.810811,3.1309164,4.272812,0.0
557,2.7828665,3.202865,5.648759,0.0,1.7626228,3.129936,4.933258,0.0
558,4.8012342,2.2038336,3.998012,0.0,0.87311476,1.0055375,4.3323193,0.0
559,2.8312302,2.811602,6.035514,0.0,1.6886497,2.621209,4.354208,0.0
560,2.900464,2.696118,4.537404,0.0,1.7748489,3.295879,3.475976,0.0
561,1.8573897,4.2231264,6.143861,0.0,1.987257,2.6969934,6.2950053,0.0
562,3.7193992,2.276243,5.3911505,0.0,1.5433997,1.7820351,3.9653177,0.0
563,3.1830277,3.4095366,4.5023117,0.0,1.8703752,3.3651922,5.453881,0.0
564,4.518714,0.431643,0.0,0.0,1.1819584,6.6401873,1.2660962,0.0
565,3.7176445,2.2780998,5.312088,0.0,1.3981407,1.7107608,3.6774287,0.0
566,2.7636967,3.051927,4.42058,0.0,2.0325222,3.3444383,4.9333906,0.0
567,4.5385685,1.1980288,0.0,0.0,3.0398867,1.7053092,2.0961833,0.0
568,3.4605453,2.8826554,4.8966866,0.0,1.7046332,3.2825582,4.790847,0.0
569,4.240592,1.9347882,5.631874,0.0,1.70943,1.2866709,3.8591251,0.0
570,2.960926,3.2498386,3.0912397,0.0,1.9383845,4.2276926,5.8617125,0.0
571,2.8063154,2.7394512,6.007738,0.0,1.7557288,2.5343494,4.3022213,0.0
572,3.5569615,3.83302,2.6723979,0.0,1.5624573,3.874971,5.7506695,0.0
573,3.2144957,2.8744357,3.959247,0.0,1.8030102,2.9047244,4.867909,0.0
574,3.5351768,2.9000254,3.5774982,0.0,1.6741368,3.2676358,4.581516,0.0
575,3.688183,2.2893794,4.412055,0.0,1.4770923,2.0097208,3.8640113,0.0
576,4.3813977,3.5829272,5.4769754,0.0,1.2076707,0.5098865,6.694615,0.0
577,2.2312677,3.7516239,5.519824,0.0,1.4326804,2.9220214,5.218251,0.0
578,2.9535928,3.4344656,4.0675774,0.0,1.8547647,3.587762,5.271414,0.0
579,3.5899987,2.1732714,5.5800104,0.0,1.4790769,1.5942826,3.7262154,0.0
580,3.3873312,2.4978828,5.452716,0.0,1.6106128,2.1634977,4.229234,0.0
581,3.0723588,2.7253544,4.659399,0.0,1.7393588,3.139171,4.3381968,0.0
582,3.5015426,2.3886926,4.760141,0.0,1.4354471,1.8795369,3.574294,0.0
583,3.8409595,2.7065752,4.6575193,0.0,1.9243368,3.3746784,4.736006,0.0
584,3.2797766,2.6795447,5.3858643,0.0,1.7968636,2.5645015,4.4738193,0.0
585,3.3456404,2.8556674,4.6355762,0.0,1.5358053,2.7466414,4.329664,0.0
586,4.738159,3.28351,4.2758665,0.0,0.74885875,0.78627735,6.239585,0.0
587,2.8957648,2.980077,5.195008,0.0,1.4673496,1.9031117,4.0111375,0.0
588,4.3264527,0.21384782,0.0,0.0,0.1261315,4.1707087,0.8524542,0.0
589,4.042247,1.9912233,5.2230268,0.0,1.347564,1.2641387,3.5002837,0.0
590,3.2309442,3.124982,4.036136,0.0,1.6271793,3.0202143,4.6334314,0.0
591,2.9515147,2.5415828,5.8829217,0.0,1.5973086,2.3118622,4.0547123,0.0
592,2.7804155,2.9510684,3.1105394,0.0,1.3937017,4.1920137,4.7759485,0.0
593,3.3602488,3.2675507,4.7150035,0.0,1.5876849,2.7425,4.72767,0.0
594,3.5001507,2.9745696,1.8476754,0.0,1.5733731,4.2258863,6.145706,0.0
595,3.2128644,2.5086854,5.438842,0.0,1.6916416,2.3613603,3.9735484,0.0
596,3.0065866,2.8115766,5.925573,0.0,1.6084927,2.4307601,4.400026,0.0
597,3.6535592,2.59902,3.624091,0.0,1.9715724,2.925629,4.2842736,0.0
598,2.4862008,2.9028385,5.8892765,0.0,1.650187,3.1678994,4.581184,0.0
599,3.2408204,2.6666844,6.239974,0.0,1.8155265,1.8266704,4.4531975,0.0
600,4.219677,1.9354594,4.9936967,0.0,1.4917266,1.3607781,3.4711094,0.0
601,3.9797106,2.7606747,3.1249692,0.0,1.3503296,2.234465,4.012765,0.0
602,3.959632,2.2848108,3.9197245,0.0,1.6896839,2.2794878,3.5381718,0.0
603,2.9336588,2.3742096,5.3880525,0.0,1.2689518,2.525754,3.4568763,0.0
604,3.7179532,0.5320134,1.7078099,0.0,0.6865668,1.2577832,0.62847126,0.0
605,3.386492,2.4202573,3.5727692,0.0,1.3939872,2.7279992,3.5467973,0.0
606,2.1150537,3.347767,6.1928816,0.0,1.7087541,3.343491,4.8441544,0.0
607,4.186548,2.169491,3.8554714,0.0,1.8083372,1.5157971,3.5452156,0.0
608,3.1485152,2.7234056,6.047819,0.0,1.9356551,2.0343177,4.7929816,0.0
609,3.1503367,2.714374,6.051861,0.0,1.9342017,2.0494552,4.778919,0.0
610,3.9135778,2.9169452,4.3685055,0.0,1.6101289,2.3674462,4.302672,0.0
611,2.398304,3.042171,5.7083545,0.0,1.6603934,3.4747736,4.484239,0.0
612,3.1020901,2.4233685,5.404547,0.0,1.3167332,2.3649213,3.6591883,0.0
613,3.5240946,2.4139502,5.0203404,0.0,1.5917819,2.2217286,3.9031653,0.0
614,2.7494051,2.6125066,5.88529,0.0,1.6654465,2.7366745,4.1836267,0.0
615,3.7692587,3.0367687,2.0219226,0.0,1.8670301,2.294041,6.2636995,0.22893831
616,2.6381543,2.9310877,6.439746,0.0,1.8497314,1.9169629,4.7032714,0.0
617,4.147478,2.020952,4.250562,0.0,1.31969,1.6657572,3.5008392,0.0
618,3.1133633,3.1329296,4.0977926,0.0,1.8955119,3.5090582,4.60465,0.0
619,3.0417697,3.9620988,2.9123762,0.0,2.48852,3.6907744,5.843358,0.0
620,2.8613954,3.0057204,2.544318,0.0,2.2960715,4.244478,4.815324,0.0
621,3.5003178,3.0757914,1.3628182,0.0,1.6769694,3.3921669,5.772971,0.0
622,3.4785578,2.777816,3.8467138,0.0,1.1662282,3.07496,4.091647,0.0
623,2.660103,2.6336563,4.873763,0.0,1.8001525,2.945925,4.5037484,0.0
624,3.9690495,3.668534,2.9252038,0.0,2.4799123,4.4013977,6.558276,0.0
625,3.944851,3.0253003,4.0791993,0.0,1.8738863,2.6499918,5.160288,0.0
626,0.56654334,4.6405582,5.9180017,0.0,1.4674044,5.6315947,6.365152,0.0
627,3.534204,2.1836674,5.594971,0.0,1.5855106,1.6370807,3.7398934,0.0
628,3.4775133,2.4476697,5.104368,0.0,1.4545797,1.9661078,4.0688148,0.0
629,3.0535705,2.6893928,5.2909503,0.0,1.6260289,2.5494773,3.9216557,0.0
630,3.615859,3.7443988,4.479185,0.0,1.1079006,1.7338333,6.3441005,0.0
631,1.4395113,4.0376654,4.747057,0.0,1.2967808,3.27182,4.8643103,0.0
632,2.4528358,3.0959249,6.01217,0.0,1.68373,3.329985,4.818102,0.0
633,3.3377047,2.3643844,5.533367,0.0,1.5239761,2.1013958,3.759904,0.0
634,3.3717384,2.078881,2.3812342,0.0,2.6252575,2.4702194,3.438736,0.0
635,3.1019926,3.3232367,4.2301674,0.0,1.7300187,3.3333228,4.6569214,0.0
636,3.7642033,2.0222437,3.3650749,0.0,1.0030086,1.9949288,3.0395708,0.0
637,3.3985248,3.3700736,3.071594,0.0,2.9273748,3.0513594,5.341642,0.0
638,3.3255558,2.963195,3.9271634,0.0,1.6249964,3.1383574,4.890769,0.0
639,3.1365979,3.1363628,3.481758,0.0,2.0142412,3.016921,5.0002737,0.0
640,3.191051,2.5861075,4.8493643,0.0,1.7321656,2.799794,4.3223634,0.0
641,3.3571422,2.3737142,5.793507,0.0,1.5730997,1.8544614,3.9141607,0.0
642,3.4800487,2.3666403,5.2898965,0.0,1.4806987,1.9995244,3.7546782,0.0
643,3.201308,2.6553915,2.6378317,0.0,1.6239297,3.0095804,4.160516,0.0
644,2.838966,3.3356836,4.3505745,0.0,1.8951323,4.009279,5.2598553,0.0
645,2.9428787,3.3908718,4.469619,0.0,2.073762,3.5523455,5.1267805,0.0
646,3.5856326,2.4428875,4.99823,0.0,1.3589878,2.0325594,3.7673674,0.0
647,3.2285244,2.6040998,4.427128,0.0,2.3090158,2.3003414,3.9514093,0.0
648,3.8240354,2.4283967,4.8102846,0.0,1.3810797,1.9812279,4.250665,0.0
649,2.3681056,3.4901216,4.723649,0.0,1.7992989,4.0907764,4.5677843,0.0
650,3.6233428,2.9573097,4.632984,0.0,2.049449,2.2985418,5.1738434,0.0
651,3.5623107,2.7838087,3.001483,0.0,1.983897,3.143375,4.6728716,0.0
652,3.0783017,3.5013998,4.3686533,0.0,1.323857,2.8352385,5.446684,0.0
653,2.8117485,2.7442603,4.949302,0.0,1.2881854,3.0230873,4.2767143,0.0
654,2.5790894,2.9142904,4.9684377,0.0,1.4015799,3.371734,4.7066555,0.0
655,4.1398454,2.4454615,2.9842355,0.0,2.417213,2.4943779,4.5296144,0.0
656,3.5281625,2.621438,3.827075,0.0,1.6562845,2.633253,4.4913464,0.0
657,3.147675,2.8473842,5.3130283,0.0,1.6821958,2.6960194,4.55381,0.0
658,3.2438288,3.0914261,4.6217375,0.0,2.0379326,3.4121206,5.13015,0.0
659,3.690153,3.344082,4.2245274,0.0,1.6051795,2.8827953,5.1853447,0.0
660,3.39724,2.8483808,3.6990352,0.0,1.8214598,2.8543637,4.76036,0.0
661,3.5023937,2.8186445,4.716118,0.0,1.5607586,2.2488887,4.369685,0.0
662,3.0120497,2.7307012,6.1402025,0.0,1.7274035,2.0199592,4.4385595,0.0
663,2.7682402,2.6191118,6.0890064,0.0,1.6524627,2.4971874,4.169976,0.0
664,3.4405398,2.9989707,3.3725367,0.0,1.8441026,3.1710107,5.2871437,0.0
665,2.8578377,2.9102304,5.5926685,0.0,1.7823325,2.9803317,4.7372,0.0
666,4.048276,2.5021737,4.936674,0.0,1.4158324,1.7336442,4.84498,0.0
667,3.9401577,2.3642166,5.393631,0.0,1.4401689,2.075589,4.381077,0.0
668,3.3972135,2.9682567,3.7046313,0.0,2.1940677,2.9123776,5.342147,0.0
669,4.111321,2.5338776,4.5868316,0.0,1.6812482,1.8618081,4.5104237,0.0
670,3.6868284,2.3331833,4.403961,0.0,1.736162,2.465109,3.7659006,0.0
671,3.7824402,3.7202394,3.250784,0.0,2.1609066,3.4874797,5.659868,0.0
672,1.3390188,3.5204558,6.1738787,0.0,1.4786723,4.214385,4.6862135,0.0
673,3.2898746,2.7791867,3.1893475,0.0,1.8667265,3.391084,3.8387432,0.0
674,3.0819125,2.6688688,4.8097134,0.0,1.5334396,2.6257577,4.344332,0.0
675,2.4726129,3.030141,6.15357,0.0,1.6929669,2.9115045,4.603029,0.0
676,0.755116,3.8222435,6.313611,0.0,1.6915528,4.883797,5.1077356,0.0
677,0.6608434,2.06407,2.2501965,0.0,0.53142065,4.7735963,0.0,0.0
678,2.6034846,3.6125216,3.4469728,0.0,1.519409,4.4810495,4.2677813,0.0
679,3.4327812,2.5587409,4.743058,0.0,1.4247785,2.1475477,4.20906,0.0
680,3.66505,3.1523726,3.595532,0.0,2.030213,2.890362,5.076909,0.0
681,3.9094243,3.2681572,2.4262295,0.0,3.1239803,3.1597114,4.90258,0.0
682,3.3487227,3.7078998,2.8298526,0.0,2.3639355,3.7126062,6.0057287,0.0
683,3.1401305,2.5306313,4.74788,0.0,1.8066673,2.5666943,4.01172,0.0
684,3.3003416,3.7634194,1.6525373,0.0,2.3412838,4.6839786,5.432989,0.0
685,3.453977,2.6715558,5.107518,0.0,1.719723,2.3037317,4.4243917,0.0
686,1.8616465,3.6781633,6.508995,0.0,1.8839229,3.157385,5.542018,0.0
687,3.7705636,3.313287,2.9769948,0.0,1.6919931,3.3633358,4.9579597,0.0
688,3.2455385,2.463163,5.295933,0.0,1.9172757,2.3152254,3.962851,0.0
689,3.7792342,2.903179,4.1855383,0.0,1.9371867,2.4526,4.8485622,0.0
690,3.4319098,2.3492486,5.6926084,0.0,1.485591,1.7419326,3.6518803,0.0
691,3.7654128,1.4678367,2.2725308,0.0,3.2909575,1.2593269,2.554978,0.0
692,3.3576915,2.333028,4.7885447,0.0,1.3973155,2.558366,3.8262124,0.0
693,4.167493,1.7371786,4.3788958,0.0,1.2838571,1.4301908,3.2325506,0.0
694,3.5500717,2.824728,3.778622,0.0,1.7057984,2.436313,4.573085,0.0
695,3.1179557,3.4861403,4.1551547,0.0,1.4787655,3.2881927,4.785094,0.0
696,3.8935132,2.4540205,5.9645653,0.0,1.7315688,1.4236116,4.497603,0.0
697,3.0642788,2.7146494,5.74086,0.0,1.6350765,2.7604203,4.494413,0.0
698,1.1536243,4.0908375,6.413474,0.0,1.568028,4.534372,5.803336,0.0
699,3.3270721,3.0806196,3.0028512,0.0,1.7200141,3.0972345,4.884184,0.0
700,3.719076,2.794955,4.328145,0.0,1.6984067,2.6171272,4.742761,0.0
701,3.0669203,3.582867,4.0222025,0.0,1.6122577,3.7558353,5.0031433,0.0
702,3.9281225,2.464317,5.206895,0.0,1.4253585,2.0751266,3.992076,0.0
703,3.9530942,3.2885857,2.736033,0.0,1.1429821,3.2625153,5.2042446,0.0
704,3.3364515,2.9434273,2.9998994,0.0,1.9006513,4.7577505,5.4073195,0.0
705,3.8444068,3.4267232,1.3112037,0.0,2.3229282,3.4763896,6.074113,0.0
706,4.131484,2.7391112,1.1795743,0.0,1.2976623,1.7479634,4.320562,0.046310347
707,3.9108744,2.506809,4.2316895,0.0,1.6879561,2.311781,4.723633,0.0
708,3.3931255,3.781677,3.9438086,0.0,1.9530811,3.4151528,5.7559814,0.058207262
709,3.7862532,2.2319067,3.6776638,0.0,1.3065566,1.6974726,3.269189,0.0
710,3.5988946,3.1287596,2.5459862,0.0,2.5296555,3.9696767,5.400497,0.0
711,3.8585212,3.1063476,3.4631295,0.0,1.7685744,2.9996579,4.819114,0.0
712,3.7723644,2.49821,5.102397,0.0,1.5413239,2.163019,4.2912464,0.0
713,3.3281627,3.2290778,2.3269875,0.0,1.9408882,3.5520527,5.2160783,0.0
714,3.5616193,2.3789866,5.1883345,0.0,1.3291416,2.0128293,3.787435,0.0
715,3.642643,3.0417056,3.9384236,0.0,1.6871922,2.5153792,4.718787,0.0
716,3.8520916,3.6629913,2.9833124,0.0,2.2864623,3.1196876,5.746417,0.0
717,3.573174,2.0666292,4.975321,0.0,1.1769519,1.6063368,3.2168818,0.0
718,3.040439,2.2769573,5.322304,0.0,1.357894,2.377297,3.5253372,0.0
719,3.8043842,2.0196412,5.336933,0.0,1.5403376,1.6000266,3.5276403,0.0
720,3.9761293,2.0994973,4.65989,0.0,1.254144,1.776243,3.4420815,0.0
721,3.5669198,3.0247154,4.2547855,0.0,1.70732,2.8016417,4.8728895,0.0
722,4.138138,1.8987801,4.660017,0.0,1.5519052,1.4254801,3.4481754,0.0
723,3.51791,2.8740408,3.7440085,0.0,1.3465143,3.436354,4.6931763,0.0
724,3.810931,2.765269,2.791316,0.0,1.9890647,3.696581,5.055415,0.0
725,3.6153429,2.5010478,4.205806,0.0,1.6470671,2.1737578,3.8041515,0.0
726,3.2699008,3.3312953,3.3910584,0.0,1.6905558,3.3149133,4.200727,0.0
727,3.6597607,1.9971535,4.948513,0.0,1.1975883,1.6066072,3.1618953,0.0
728,3.6042829,2.1923187,4.968933,0.0,1.7243218,1.7407727,4.1744256,0.0
729,3.835538,2.0059237,5.174321,0.0,1.2111971,1.3543844,3.1509466,0.0
730,3.5490475,2.0757532,4.9766426,0.0,1.0969902,2.0011773,3.5980606,0.0
731,3.9493482,2.5028188,2.8612607,0.0,1.511339,2.4155955,4.3253965,0.0
732,3.7480855,4.8309574,2.3737464,0.0,2.2308853,4.5435934,6.0251083,0.0
733,3.349108,2.8088093,3.8111203,0.0,1.8073256,3.2517097,4.800701,0.0
734,4.038562,2.7326787,3.6084168,0.0,1.8891581,2.510899,4.6684837,0.0
735,3.0663507,2.8403406,6.222081,0.0,1.6911794,1.8305616,4.6611547,0.0
736,0.8399806,4.4427176,5.6172876,0.0,1.2928996,5.167569,6.2054415,0.0
737,1.481322,1.3783195,0.0,0.0,2.725536,8.894929,0.0,0.0
738,1.0704036,5.027253,3.340973,0.0,1.5964314,7.084812,6.6947937,0.0
739,2.2985551,5.001484,4.1012926,0.0,0.43469065,4.3020577,8.265103,0.0
740,0.26503134,5.432269,2.6936076,0.0,1.5584239,8.277414,6.470962,0.0
741,5.4962463,3.053664,4.8866205,0.0,0.7333272,0.07917547,7.006522,0.0
742,5.4861155,2.2044377,3.3348103,0.0,0.6004532,0.5435122,5.5426226,0.0
743,3.2188208,2.672688,4.946231,0.0,1.3431333,2.7407959,4.0130854,0.0
744,3.9422984,2.2601383,4.8385468,0.0,1.5124313,1.8425915,3.3821115,0.0
745,4.141697,2.9120164,2.735389,0.0,1.5349591,2.881756,5.1508074,0.0
746,3.3672247,3.2037897,3.7430568,0.0,1.588572,3.1567745,5.064859,0.0
747,3.7429621,2.4451792,4.422567,0.0,1.4473578,2.1862411,3.714519,0.0
748,3.6050498,2.9457285,2.3547819,0.0,1.3805982,3.3446805,5.097277,0.0
749,3.9627666,2.1130133,3.9482088,0.0,1.0528362,1.624439,3.6078339,0.0
750,3.59226,2.4315603,5.1680875,0.0,1.4310626,1.8883228,3.8776813,0.0
751,2.1239843,3.9254978,2.956858,0.0,1.6756802,4.8171825,4.759373,0.0
752,3.5006254,2.4913714,5.5316124,0.0,1.5049849,1.9656084,4.0227833,0.0
753,3.5979476,2.4830139,5.029751,0.0,1.7461071,1.8409631,4.1466036,0.0
754,3.8409634,2.4692318,3.7130578,0.0,1.1635227,2.1981335,4.0059566,0.0
755,3.0716486,2.8249104,5.5423107,0.0,1.5811858,2.533026,4.3363643,0.0
756,2.8119857,2.9568245,5.8719573,0.0,1.6454589,2.9386237,4.551517,0.0
757,3.497561,2.4407074,6.0131083,0.0,1.7557497,1.7630873,4.3464794,0.0
758,3.909396,2.5434546,3.923826,0.0,1.5799074,2.5760438,4.493447,0.0
759,0.73714256,3.8555853,6.495816,0.0,1.6209356,5.178768,5.0489664,0.0
760,2.858781,2.729295,6.2031384,0.0,1.8196859,2.5425124,4.5348725,0.0
761,4.498854,2.6971002,3.586522,0.0,1.0873984,1.0939343,5.582057,0.0
762,3.7492726,2.3823345,5.565577,0.0,1.7607391,1.5844152,4.0699954,0.0
763,4.207356,2.5263631,4.170395,0.0,1.4446561,2.1952085,4.106099,0.0
764,3.9287357,2.4033685,5.9120407,0.0,1.6624161,1.2769485,4.4506755,0.0
765,3.705358,2.4457815,5.167926,0.0,1.5592729,2.036617,4.3439636,0.0
766,4.1266184,2.3347409,3.332062,0.0,1.227462,1.6717308,3.2592163,0.0
767,4.3665333,2.3543534,3.7152612,0.0,1.3039439,1.937973,3.1913257,0.0
768,3.109011,3.9167354,0.972527,0.0,2.001484,3.8671806,5.129321,0.0
769,4.18386,2.4871867,4.5136795,0.0,1.3910456,1.4311333,3.5634074,0.0
770,3.5665722,3.043538,5.352663,0.0,1.4247859,1.4885516,4.219907,0.0
771,4.480522,2.5735867,3.5879333,0.0,1.2272398,2.0110583,3.6726665,0.0
772,2.6621962,3.8866594,2.4670045,0.0,1.7189629,3.3808777,4.168771,0.0
773,3.871882,2.4851112,3.3603601,0.0,0.90870017,1.8536506,3.4847932,0.14313187
774,3.8127222,2.8368995,3.8468385,0.0,1.5966061,3.1606448,5.4105096,0.0
775,1.8065577,6.007205,5.095113,0.0,0.3432692,3.3363492,9.181624,0.0
776,3.7988882,5.2126846,5.4808416,0.0,0.80458534,0.0,8.937293,0.0
777,0.900295,4.91313,5.6096964,0.0,1.444278,4.6534653,6.6636147,0.0
778,2.7396274,3.4781363,3.6204638,0.0,1.7233447,3.9067702,5.276755,0.0
779,3.8101041,2.4301467,3.3659058,0.0,0.90273,2.3243663,3.5844064,0.0
780,3.0951812,3.6576436,4.525037,0.0,2.189717,3.4143708,5.952037,0.0
781,4.358453,1.496962,5.023322,0.0,1.2041426,1.0065122,2.643002,0.0
782,3.3391232,3.6080077,3.8317056,0.0,2.204202,3.2566707,5.9833035,0.0
783,3.4348702,3.682287,3.1446698,0.0,2.1829877,4.1937675,5.8380523,0.0
784,3.71678,2.3136137,3.878336,0.0,1.1972291,2.477006,3.3804522,0.0
785,3.4287324,2.101269,5.486253,0.0,1.2964029,1.9736867,3.324112,0.0
786,3.4293978,2.099139,5.4854703,0.0,1.2973838,1.9821596,3.3227406,0.0
787,3.3264284,2.7609317,5.062725,0.0,1.3680661,2.2681239,4.2892094,0.0
788,3.8147058,2.2377436,5.6934614,0.0,1.4930615,1.4187522,3.8854933,0.0
789,3.8825822,2.568832,3.9699059,0.0,1.5329996,2.4142435,4.032631,0.0
790,3.7525847,3.1099036,3.2747793,0.0,1.6190896,2.357969,4.4717355,0.0
791,4.0332174,2.474961,3.782067,0.0,1.6644952,2.3209774,4.541093,0.0
792,3.8753629,2.4471369,4.4002113,0.0,1.2417083,1.9748847,3.8992815,0.0
793,3.6216033,2.3896568,3.942082,0.0,1.3652651,2.5792716,4.026644,0.0
794,4.7210445,2.4559944,4.148609,0.0,1.0279514,1.1714946,5.054058,0.0
795,3.285273,1.9889553,4.8097878,0.0,1.070459,2.4796102,2.7855778,0.0
796,6.481745,2.079674,2.7346985,0.037111,0.0,0.0,4.6635866,0.0
797,3.491635,2.067984,4.5610237,0.0,1.0365605,2.0771754,3.136918,0.0
798,3.4620767,2.855228,6.8503075,0.0,2.0062532,0.7723436,5.3456326,0.0
799,3.3189292,4.065343,4.488991,0.0,1.2861383,2.8900673,6.845189,0.0
800,1.3189845,4.8741627,6.1333666,0.0,1.5500617,2.0526056,6.167859,0.0
801,3.5772834,4.9901934,5.046486,0.0,0.61586165,0.4059384,8.019986,0.0
802,0.18650675,5.5114527,3.336785,0.0,1.0059447,8.121636,6.5703692,0.0
803,3.691434,4.1499443,2.730866,0.0,0.8282888,2.2415895,5.980715,0.0
804,2.9062629,3.9590309,4.0790052,0.0,1.7489947,3.8499992,6.2098293,0.0
805,3.024463,3.6827233,4.4895105,0.0,1.6079051,3.3237565,5.572923,0.0
806,4.3801584,1.8796601,5.189763,0.0,1.3652768,1.0890263,3.2365246,0.0
807,3.4322367,3.8391216,3.0705848,0.0,1.7676151,2.863512,5.4201407,0.0
808,2.7519636,3.5838075,3.9154248,0.0,1.3980262,3.7632055,5.3059835,0.0
809,3.5591097,3.2261863,4.6588974,0.0,1.3836515,2.3983545,4.5091934,0.0
810,3.1811016,3.2448592,4.753107,0.0,1.5904405,2.7442458,4.7400165,0.0
811,2.9630902,2.9049358,5.46883,0.0,1.4930186,2.494837,3.9322324,0.0
812,2.7752633,3.518958,5.2018404,0.0,1.514939,3.0234406,4.7205324,0.0
813,2.9927955,3.210963,5.7905126,0.0,1.7953187,2.0506313,5.010902,0.0
814,2.838208,4.2937927,3.5722406,0.0,1.3706833,3.7563944,5.825266,0.0
815,2.612563,4.002178,4.220915,0.0,1.618794,4.2657304,6.057051,0.0
816,3.9057531,3.063712,3.6181896,0.0,1.369237,2.1301827,4.984002,0.0
817,3.4277256,3.7717063,4.600512,0.0,1.3781564,3.3708675,5.802802,0.0
818,3.6496189,3.5398536,4.6633196,0.0,1.2246999,1.9868612,5.665795,0.0
819,3.7616286,3.6650708,3.081282,0.0,1.2996366,2.974859,5.95307,0.0
820,3.6412425,2.7517073,4.7022834,0.0,1.2225971,1.7256293,4.1478024,0.0
821,3.6663868,3.7824852,4.2888317,0.0,0.98206466,2.4538963,6.3341665,0.0
822,5.4337425,3.3665218,3.8399372,0.0,0.40497872,0.78048575,6.533911,0.0
823,2.8475258,2.9141366,4.8390207,0.0,1.4530853,3.1418395,3.830368,0.0
824,5.802238,1.0743734,1.650739,0.1365837,0.0,0.0,3.0444956,0.05515207
825,3.0705235,3.3427067,4.8831444,0.0,1.441838,2.59771,4.652375,0.0
826,1.1490753,4.584614,6.593589,0.0,1.6445084,2.0827386,5.8516254,0.0
827,4.3298473,2.630232,3.6801727,0.0,2.0039434,2.7295628,4.506171,0.0
828,3.4047542,2.8136833,2.6110036,0.0,1.1125551,2.7489116,4.8299894,0.0
829,3.4507525,3.1031373,4.6542797,0.0,1.5597229,2.4193504,4.382313,0.0
830,3.649979,3.0510378,1.9893248,0.0,1.3218489,3.6334124,4.27771,0.0
831,3.4042344,2.769529,2.867365,0.0,1.1585548,3.4359038,3.8020225,0.0
832,4.245278,2.8603275,2.852633,0.0,1.7569497,2.0450053,4.520399,0.055391766
833,3.4224153,3.237315,3.5356026,0.0,1.0630689,2.9486203,4.370144,0.0
834,3.2994351,3.038975,4.5596733,0.0,1.39963,2.46848,4.147424,0.0
835,4.3073263,1.9596903,4.8745832,0.0,1.1411307,1.1312151,2.820887,0.0
836,3.2529542,3.3786192,4.2272153,0.0,1.4467969,2.8393247,4.488164,0.0
837,3.8053203,2.8969877,4.96292,0.0,1.3525803,1.9167571,3.954502,0.0
838,0.0,5.0747347,6.365798,0.0,1.5486423,4.569419,5.9191737,0.0
839,4.5145817,2.0365155,4.5393953,0.0,1.1149085,1.1315751,3.0276852,0.0
840,3.1121511,2.612511,1.4361584,0.0,1.8108861,3.5472374,4.0376267,0.0
841,4.0353875,5.3486814,0.0,0.0,3.4484396,5.0961485,8.186917,0.0
842,3.8126307,1.6671293,4.1466722,0.0,0.5146743,1.3457677,1.7131954,0.0
843,4.3086,2.2052083,5.0243664,0.0,1.2685746,1.1008658,3.337439,0.030445395
844,4.377692,1.5423249,4.16616,0.0,0.8303809,1.0254889,2.3747883,0.0
845,3.7713175,2.4538026,3.010495,0.0,1.4227604,2.5721848,4.0230036,0.0
846,4.217486,1.9147418,3.392472,0.0,0.8323571,1.5403357,2.63587,0.0
847,2.5432281,3.0722976,5.345548,0.0,1.3625278,2.9843256,3.7130904,0.0
848,3.5055857,3.7118866,0.0,0.0,2.0361853,3.7826283,5.8266096,0.0
849,2.9368901,3.4178572,3.1263134,0.0,1.2303339,3.5895371,4.0838604,0.0
850,2.9637284,4.133173,0.26864958,0.0,1.9726315,4.867713,4.879183,0.0
851,3.6221523,0.58053327,0.0,0.0,2.45795,1.0397549,0.003636837,0.0
852,4.4321938,2.27498,3.5233765,0.0,1.4399948,1.5733814,3.4022436,0.0061665494
853,3.911623,2.299513,4.992835,0.0,1.2106841,1.5549517,3.249679,0.0
854,3.911623,2.299513,4.992835,0.0,1.2106841,1.5549517,3.249679,0.0
855,4.238147,1.9434965,3.958832,0.0,1.4135652,1.5015881,2.5942383,0.0
856,3.6675122,1.9248254,3.748174,0.0,0.36235216,1.2783287,2.2096314,0.0
857,3.2616534,2.5666392,4.8787794,0.0,1.0835754,2.1268504,3.193633,0.0
858,3.5858645,2.381265,4.6128864,0.0,1.1750122,1.9674675,3.1624947,0.0
859,3.3772724,2.335938,4.991394,0.0,1.2174678,1.9827414,2.9398246,0.0
860,3.5261946,3.410858,0.8551879,0.0,0.88164836,1.7496994,4.4505787,0.02975432
861,3.473799,3.866813,0.8813803,0.0,1.9708872,4.1222095,5.848982,0.0
862,4.3042474,2.2185476,4.350584,0.0,1.4252589,1.680805,3.6776028,0.0
863,3.1212034,2.5624797,3.1878655,0.0,1.4444975,2.4795215,3.555891,0.0
864,3.8175535,3.8668487,0.0,0.0,1.399169,3.6904662,5.86904,0.0
865,3.324346,3.990195,1.7217562,0.0,1.6102017,3.5221,5.0823298,0.0
866,2.0960047,4.4462967,1.5608482,0.0,1.2021092,5.5327764,5.545703,0.0
867,3.2297022,2.9703276,3.8021786,0.0,1.310659,2.668564,3.8004794,0.0
868,3.323356,3.3186047,2.8925862,0.0,1.2764313,3.5825582,4.3224354,0.0
869,3.9347978,3.0687902,2.8861315,0.0,1.9540772,2.884528,4.1272902,0.0
870,3.646823,3.251907,3.3586419,0.0,1.7939823,2.3916304,4.9413843,0.19513716
871,3.0613418,3.964011,0.0,0.0,2.2013254,4.908282,5.382047,0.0
872,4.011492,1.7449427,4.5154037,0.0,0.943888,1.2119062,2.2895808,0.0
873,3.7432446,2.138561,4.646429,0.0,1.2207415,1.7268085,2.8459463,0.0
874,3.4613748,2.9600906,4.636815,0.0,1.3863797,2.215121,3.7729688,0.0
875,2.4480119,4.637436,4.3603086,0.0,1.3705261,1.9975278,6.2997365,0.0
876,1.3799098,4.1519833,4.3351235,0.0,0.8052148,3.8457935,4.09191,0.0
877,3.365058,2.14395,4.0978813,0.0,0.6319866,1.6830964,2.383582,0.0
878,3.8710752,1.8667419,4.559073,0.0,0.90927476,1.357647,2.28293,0.0
879,3.1139183,2.6530962,3.7256763,0.0,1.2304173,2.9576418,3.1403446,0.0
880,3.1660178,3.1886308,4.5301456,0.0,1.6032411,3.3606694,3.961307,0.0
881,3.2591407,3.0790954,3.60069,0.0,1.2846265,2.866749,3.8041315,0.0
882,3.6225884,2.9445422,2.9869664,0.0,2.2132044,3.6934612,5.0630255,0.0
883,3.6175268,3.1218827,3.2488291,0.0,1.3666277,2.7866797,4.160592,0.0
884,3.0737894,3.463191,2.9597487,0.0,1.3810353,3.3640063,4.484126,0.0
885,3.1743286,3.2877882,3.950623,0.0,1.5328956,3.0456545,4.2627764,0.0
886,3.8780677,1.9661324,4.1834326,0.0,0.72732717,1.2052488,2.4889092,0.0
887,3.9098272,2.1268299,4.444219,0.0,0.95602554,1.48946,2.8996348,0.0
888,4.278512,3.614353,1.8861141,0.0,2.4188328,4.247224,7.0211954,0.0946583
889,2.6790445,3.861221,4.1069846,0.0,1.6964705,4.192986,4.9348593,0.0
890,2.708451,3.6471822,4.029628,0.0,1.9353075,3.7989662,4.5051613,0.0
891,3.7938545,2.5450866,4.651271,0.0,1.1433038,1.6179409,3.4463325,0.0
892,3.8616316,2.122812,3.8940573,0.0,1.7211503,1.6270003,2.6289673,0.0
893,3.7664702,2.5407946,5.0299034,0.0,1.6712961,1.757726,3.7812705,0.0
894,2.7510648,3.8924568,3.2333546,0.0,1.9093069,4.8935223,5.040618,0.0
895,4.1426,2.4603877,3.5356061,0.0,1.2747657,1.8048737,3.7146873,0.0
896,3.7461147,3.194348,3.016572,0.0,1.6323487,3.8896644,4.9589653,0.0
897,3.2180622,3.6556432,3.5858502,0.0,1.846119,3.7500005,4.9358997,0.0
898,2.0291605,3.237873,5.0403576,0.0,1.518449,3.8296678,3.657394,0.0
899,2.2933016,3.4589462,4.8004727,0.0,1.3449798,3.6004946,4.2116146,0.0
900,4.1499457,1.9442451,1.9574108,0.0,1.9023876,1.8836038,2.508255,0.0
901,4.01041,2.9478228,3.1510482,0.0,1.6807477,2.8127234,4.615092,0.0
902,3.2028613,2.4195497,4.574167,0.0,0.9686133,2.0400877,2.6774535,0.0
903,3.3622155,3.351442,3.9564338,0.0,1.0401343,2.4725845,4.1284394,0.0
904,3.512817,3.5357435,3.5835073,0.0,1.6269511,2.6435611,4.3913064,0.0
905,3.4643202,3.0015142,3.4385722,0.0,1.6312506,3.5313985,4.486039,0.0
906,3.534583,2.3315437,4.4610395,0.0,0.9206827,1.8234477,2.9940443,0.0
907,4.0956955,1.974165,3.7100463,0.0,0.33655882,0.6195061,2.813076,0.07792665
908,3.989995,1.8120186,3.5870302,0.0,0.33032113,0.70103925,2.3054729,0.06994769
909,3.2454147,4.1377926,2.4517138,0.0,2.0401132,4.0012083,6.107653,0.0
910,3.170941,2.876818,4.901888,0.0,1.2036899,2.4194,3.5415711,0.0
911,4.3104935,2.5718267,4.640294,0.0,1.1870494,1.7817333,3.9452662,0.0506599
912,4.301612,0.4700389,2.625415,0.0,0.0,0.088777184,0.23960769,0.117655896
913,4.5159826,2.081496,4.5952015,0.0,1.3134784,1.224901,3.2535458,0.0
914,2.9007757,3.6841633,4.718584,0.0,1.3444821,2.2923868,4.324034,0.0
915,3.3873432,3.831497,2.8199863,0.0,2.0167322,3.0269709,5.475738,0.0
916,3.1357753,3.6122358,3.7903554,0.0,1.058011,2.7395537,4.3279924,0.0
917,3.6454747,2.4518356,4.6577063,0.0,1.1845672,1.2595432,3.184454,0.0
918,2.823482,3.5579681,4.6960707,0.0,1.2187573,2.6133056,4.303767,0.0
919,3.4794946,3.5896406,3.2291918,0.0,1.6284804,2.886421,4.708561,0.0
920,2.639872,3.971646,4.0278516,0.0,1.3230219,3.0272725,4.9083495,0.0
921,3.9962683,2.7075584,4.590979,0.0,1.3069437,1.4114218,3.826346,0.0
922,3.710155,3.348423,2.4953432,0.0,1.6118674,3.1569767,4.6126556,0.0
923,2.8403432,4.3122683,2.3775833,0.0,1.2580237,3.653242,4.977131,0.0
924,3.8756304,2.6133182,5.0739775,0.0,1.2556933,1.4759145,3.6996698,0.0
925,3.7299988,3.9562075,2.5657127,0.0,1.8468673,2.952059,5.8264256,0.0
926,3.4266028,3.8504908,1.7811563,0.0,1.6314837,3.3090026,5.3222055,0.0
927,3.5184386,3.2289631,4.1636314,0.0,1.1227775,2.1093845,3.9180126,0.0
928,4.1134644,3.7804167,2.2225804,0.0,1.1466211,2.4236462,5.0163445,0.0
929,2.3730717,4.500745,3.0750964,0.0,2.175786,4.260073,5.9458585,0.0
930,2.9021895,3.149841,5.271371,0.0,1.4177699,2.1166508,3.9897614,0.0
931,4.226633,3.0739694,0.0,0.0,2.2072883,4.5189266,3.4365587,0.0
932,2.603019,3.6434138,4.7447643,0.0,1.3621175,2.8401263,4.2514215,0.0
933,2.9619837,3.6942961,3.0448189,0.0,0.8654492,3.352349,3.999928,0.0
934,3.8544993,4.142008,2.9280329,0.0,1.5715237,2.8100436,5.8581266,0.0
935,2.6763968,0.46837723,2.8450525,0.0,0.069299005,1.1333914,0.0,0.0
936,2.6632419,0.47416872,2.8501892,0.0,0.07073706,1.1523048,0.0,0.0
937,3.9525146,3.1880658,4.2890415,0.0,2.03225,1.685822,5.3667355,0.0
938,2.5448093,3.9722326,6.065545,0.0,1.6323564,1.2622135,5.6805296,0.0
939,3.5690498,3.3457105,6.0442734,0.0,1.6549387,0.6856221,5.675089,0.0
940,4.10959,2.4054887,5.7493105,0.0,1.9469962,1.0358055,4.790878,0.0
941,3.5534692,2.7064278,4.3360977,0.0,1.7412865,1.097545,4.9110527,0.0
942,4.04556,2.5312724,4.8735514,0.0,1.9198959,1.5834765,4.970663,0.0
943,3.2033348,3.6613023,5.9440823,0.0,1.5851103,0.9836168,5.5500093,0.0
944,3.5860991,0.0,1.5155218,0.0,0.58110803,0.37282407,0.0,0.0
945,3.5902092,3.3444242,4.423415,0.0,1.467196,1.7062387,4.951372,0.0
946,0.99442196,4.936817,6.580179,0.0,1.6653934,2.5249245,6.265896,0.0
947,4.4166546,3.3072448,3.0424747,0.0,1.5670843,2.7440798,5.6571126,0.0
948,3.8459904,2.7706826,4.733433,0.0,1.8018131,1.7506142,5.106931,0.0
949,4.093329,2.6518753,5.8307934,0.0,1.8280165,0.81981623,5.1054034,0.035567354
950,4.043097,2.7543721,5.7554274,0.0,1.7788544,0.70847386,5.3309917,0.06163149
951,4.441412,3.0033705,4.8452754,0.0,2.0475419,1.0476861,5.673193,0.0
952,2.8808234,3.8709085,6.0488405,0.0,1.629537,1.188704,5.734747,0.0
953,3.3257017,3.2124908,5.8129973,0.0,1.5501031,0.9994524,5.080373,0.0
954,3.8052356,2.7082384,5.659586,0.0,1.7002797,0.914216,4.7495775,0.0
955,2.91683,3.7569916,5.6741276,0.0,1.8580922,1.1075189,5.5657196,0.0
956,4.0202007,2.9476385,3.9495354,0.0,1.5323102,1.9967356,5.0562515,0.0
957,2.5585294,4.2191095,6.2272034,0.0,1.5667546,1.0261743,6.311996,0.0
958,4.704536,2.3203437,4.611354,0.0,1.5251784,0.9457913,4.572095,0.023870936
959,3.6882358,3.0199087,5.3171406,0.0,1.794969,1.4399962,5.160152,0.0
960,3.5232239,3.370312,4.3395815,0.0,1.8711803,2.0547805,5.6728487,0.0
961,3.104041,3.5357242,4.879884,0.0,1.5688672,1.7915146,5.0345783,0.0
962,2.9265203,3.912998,4.396042,0.0,2.005571,2.3513799,5.662838,0.0
963,3.534392,3.5466335,5.375638,0.0,1.6795067,1.3702238,5.164711,0.0
964,3.5312352,2.9326742,5.170617,0.0,1.6014985,1.3954067,4.4972043,0.0
965,3.9871075,3.0362225,4.579477,0.0,1.8550252,1.9201314,4.99905,0.0
966,3.595628,3.2972293,4.6560106,0.0,1.8802788,1.7129242,4.9704638,0.0
967,0.0,5.2860165,6.3705006,0.0,1.2335129,4.984399,6.6020203,0.0
968,4.121462,2.5585282,5.675558,0.0,1.559791,0.7432059,4.5302005,0.0
969,3.7773824,2.8686078,5.7424245,0.0,1.6721199,0.9488675,4.9296064,0.0
970,3.7569644,2.9727046,5.592909,0.0,1.6153235,1.0473657,4.816508,0.0
971,4.98003,3.2929807,5.1509705,0.0,1.1392553,0.2104618,6.7918396,0.0
972,1.5727392,4.0404825,4.962471,0.0,0.8705134,1.2714717,4.4079075,0.0
973,2.9696832,3.8649728,6.0959864,0.0,1.7131907,1.1615069,5.8438215,0.0
974,3.2703314,3.3246293,6.070284,0.0,1.7737403,0.96451175,5.5216436,0.0
975,3.5904639,3.3166926,5.220384,0.0,1.7406085,1.7164354,5.5096755,0.0
976,3.8300884,3.0638943,5.2972813,0.0,1.4992989,1.1945128,5.1510797,0.0
977,3.9750905,3.2266185,4.4086547,0.0,1.765049,1.639868,5.300468,0.0
978,4.3443785,3.1432166,3.7968807,0.0,1.9422498,1.2634082,5.3079414,0.0
979,3.9842842,2.925873,5.2307653,0.0,1.7444422,1.4174733,4.840021,0.0
980,4.130195,2.3660254,4.3122005,0.0,1.2849684,1.3205256,3.69843,0.0
981,3.8987408,2.805846,5.217381,0.0,1.4661406,1.0043406,4.6209693,0.0
982,3.7464876,3.0958838,5.9153237,0.0,1.717885,0.92707306,5.2102184,0.0
983,4.116954,2.7695236,5.663093,0.0,1.613635,0.96914023,4.825585,0.0
984,3.8405373,2.7997727,4.7625875,0.0,1.2637842,1.1784585,4.2766457,0.0
985,3.6783571,3.0703914,5.3081913,0.0,1.5307088,1.2369308,4.6191463,0.0
986,4.0924444,2.6610284,5.638049,0.0,1.6321609,0.89448196,4.7213,0.0
987,3.5175524,3.3909738,5.9865074,0.0,1.7387989,0.86015254,5.4378343,0.0
988,3.965852,2.7117083,5.6246166,0.0,1.8076766,1.0323331,4.9094267,0.0
989,3.4373798,3.2884824,4.874181,0.0,1.5536191,1.8293276,4.9618063,0.0
990,4.22911,2.7809203,5.277422,0.0,1.9605231,1.3982255,5.641247,0.0
991,3.8794045,3.3732421,3.1386707,0.0,2.6402812,2.5437071,6.1011367,0.0
992,4.005357,2.8189805,4.988223,0.0,1.5793686,1.3396447,4.7837586,0.0
993,2.9818804,3.6573675,6.007924,0.0,1.7403097,1.1063213,5.7350817,0.0
994,2.9818804,3.6573675,6.007924,0.0,1.7403097,1.1063213,5.7350817,0.0
995,3.9892616,2.6858108,4.938108,0.0,1.8081297,1.7429607,5.0537086,0.0
996,3.996982,2.8152342,4.7277184,0.0,1.6696348,1.6893337,4.9265313,0.0
997,3.6531684,3.0317037,5.465062,0.0,1.5260506,1.0315812,4.7432685,0.0
998,3.6024687,3.157054,5.180952,0.0,1.7756598,1.7739031,5.036475,0.0
999,3.7466311,2.8194048,5.072664,0.0,1.6794243,1.3874552,4.6016297,0.0
1000,3.9521976,3.276994,4.541542,0.0,1.6635072,1.6762078,5.586344,0.0
1001,3.8083727,2.828415,5.748123,0.0,1.7273259,1.0132588,4.821365,0.0
1002,2.6464353,4.1310987,6.29408,0.0,1.7271193,0.93380135,6.3377333,0.0
1003,3.0980468,3.8092306,6.1482306,0.0,1.6496077,0.96360683,5.910906,0.0
1004,3.8838098,3.822416,3.7674298,0.0,2.2870684,2.3704162,6.6108894,0.0
1005,3.599067,2.9773312,5.5963945,0.0,1.6446886,1.0076882,4.855039,0.0
1006,4.2460833,2.8662302,5.327091,0.0,1.6427175,0.97315025,5.232188,0.0
1007,3.8347368,3.4669974,5.094103,0.0,1.9517286,1.9231324,6.2487383,0.0
